-1.108936678614098, -1.085842254752021, -1, 1.6666666666666667, -1.0545454545454545, 0, 0, -1
-1.0063153788008095, -1.067700327474437, -1.0, 2.5, 1.6730769230769231, 0, 0, -1
1.3649896706768745, 1.2206120092378754, 1, 5.0, 1.1886792452830188, 0, 0, 1
-1.3088959259160702, -1.1510116211019146, -1, -1.6666666666666667, 2.9682539682539684, 0, -1, -1
1.162255410524284, 1.1271919093059293, 2, 2.5, 1.0422535211267605, 1, 0, 1
1.6035047047593072, 1.3403173711557366, 0, 10, 1.1547619047619047, 0, 2, 1
-1.1197798725577965, 1.0476201092408872, 1, -2.0, -1.1355932203389831, 1, -1, -1
1.0562551187551188, -1.0121455861652926, 0, 3, 1.2, 0, 0, 1
1.1838331160365059, 1.0836765662258834, -1.0, 9.0, 1.0425531914893618, 0, 2, 1
-1.283384096458328, -1.2925167047750128, -1, -1.2, -1.6842105263157894, -1, -1, -1
1.2537791407712975, 1.1003618919373843, 1, 4.0, 2.2127659574468086, 0, 0, 1
1.4189293527216575, 1.3708841917237273, 1, 4.0, 1.1842105263157894, 0, 2, 1
1.6037422751201649, 1.3560367077717235, 0, 6, 1.6666666666666667, 0, 1, 1
1.239521232688251, 1.162406762804575, 2, 7.0, 1.3703703703703705, 0, 0, 1
1.092645155430414, 1.0701201496947017, -2, 2.0, -1.2741935483870968, 0, 0, 1
1.138195729976552, 1.0672506478764645, -1.0, 2.0, -1.0, 0, 0, 1
1.1231913913865395, 1.178987175966028, 1, 2.0, -2.450980392156863, 1, 0, 1
1.0933872027648648, 1.1257336390601005, -1, 1.3333333333333333, 1.2380952380952381, 1, 0, -1
1.2379074513264574, 1.153293524911364, -1.0, 5, 1.6590909090909092, 0, 0, 1
1.0832575068243857, 1.0833768296834223, -1, 2.0, -1.1226415094339623, 0, 0, 1
-1.108936678614098, -1.085842254752021, -1, 1.6666666666666667, -1.0545454545454545, 0, 0, -1
-1.0063153788008095, -1.067700327474437, -1.0, 2.5, 1.6730769230769231, 0, 0, -1
1.3649896706768745, 1.2206120092378754, 1, 5.0, 1.1886792452830188, 0, 0, 1
-1.3088959259160702, -1.1510116211019146, -1, -1.6666666666666667, 2.9682539682539684, 0, -1, -1
1.162255410524284, 1.1271919093059293, 2, 2.5, 1.0422535211267605, 1, 0, 1
1.6035047047593072, 1.3403173711557366, 0, 10, 1.1547619047619047, 0, 2, 1
-1.1197798725577965, 1.0476201092408872, 1, -2.0, -1.1355932203389831, 1, -1, -1
1.0562551187551188, -1.0121455861652926, 0, 3, 1.2, 0, 0, 1
1.1838331160365059, 1.0836765662258834, -1.0, 9.0, 1.0425531914893618, 0, 2, 1
-1.283384096458328, -1.2925167047750128, -1, -1.2, -1.6842105263157894, -1, -1, -1
1.2537791407712975, 1.1003618919373843, 1, 4.0, 2.2127659574468086, 0, 0, 1
1.1191285228862682, 1.159834214511544, 1, 1.6666666666666667, 1.06, 0, 0, 1
-1.055464466875032, -1.0406027248939818, -1.0, 4.0, -1.175, 0, 0, -1
-1.0218184817801241, -1.0885774272257844, 1, 3.0, -1.2553191489361701, -1, 0, -1
1.0078083366157695, 1.0405633309240643, -2, 6.0, -1.3859649122807018, 0, 0, 1
1.3837755666113876, 1.1793806561721047, 2, 6, 1.5, 0, 0, 1
-1.097706208253508, 1.0845858009107425, -1.0, -2.5, 1.1372549019607843, 0, 0, 1
-1.1563875063117652, -1.061705332931606, -2, -5.0, 2.263157894736842, 0, -1, -1
1.2793292527416475, 1.226207742943211, 1, 4.0, 1.2127659574468086, 0, 0, 1
-1.0067425200168563, -1.0648948383044166, 2, 2.0, 1.26, 0, 0, 1
1.2537791407712975, 1.1003618919373843, 1, 4.0, 2.2127659574468086, 0, 0, 1
-1.120854115429701, -1.145851936033769, -1.0, -1.0, 1.293103448275862, 0, 0, -1
1.076997826364915, -1.0168272089427994, -1.0, 3, 3.62, -1, 0, -1
-1.083991600839916, -1.0547827947785149, -1.0, -1.0, -1.3166666666666667, 0, 0, -1
1.1059963212752912, 1.0107857014693276, 2, 3.0, 1.5416666666666667, 0, 0, 1
1.1147494773437316, 1.063105464215614, 3, 3.0, 3.183333333333333, 0, 0, -1
-1.3146168899593558, -1.2366703639693555, -2, -1.6666666666666667, 1.0816326530612246, 0, -1, -1
1.4174028523586812, 1.235553605810241, -1, 6, 1.1538461538461537, 0, 0, 1
1.0441571007608743, 1.0776685076067094, -1, 4.0, -1.267605633802817, 0, 0, 1
1.6037422751201649, 1.3560367077717235, 0, 6, 1.6666666666666667, 0, 1, 1
1.67222884386174, 1.4474562306900103, 1, 9, 1.2424242424242424, 0, 1, 1
-1.055464466875032, -1.0406027248939818, -1.0, 4.0, -1.175, 0, 0, -1
-1.0280286587785012, -1.005815608605474, -1.0, 1.6666666666666667, 1.0461538461538462, 0, 0, -1
1.087350084363172, 1.1678782612381577, 1, 3.0, 1.2982456140350878, 1, 0, 1
1.1690182978511243, 1.0472385959867732, -1, 7, -1.044776119402985, 0, 0, 1
1.5461176696420003, 1.3701990408691593, 1, 7, 1.4, 0, 1, 1
-1.253200826019618, -1.099135335111417, 2, -6.0, 1.2166666666666666, -1, 0, -1
-1.1945202518306357, -1.1648693334649458, 0, -2.0, -1.0677966101694916, 0, 0, -1
1.360843326279489, 1.3284442240015115, 1, 9.0, 1.148936170212766, 0, 1, 1
-1.294376055998069, -1.2496438519274522, -1, -1.0, 1.0142857142857142, -1, 0, -1
-1.108936678614098, -1.085842254752021, -1, 1.6666666666666667, -1.0545454545454545, 0, 0, -1
1.1191285228862682, 1.159834214511544, 1, 1.6666666666666667, 1.06, 0, 0, 1
-1.055464466875032, -1.0406027248939818, -1.0, 4.0, -1.175, 0, 0, -1
1.1157945313182493, 1.1509196271101032, -2, 1.5, -1.4489795918367347, 1, 1, 1
1.0078083366157695, 1.0405633309240643, -2, 6.0, -1.3859649122807018, 0, 0, 1
1.447729769315269, 1.2435498988703073, 0, 6, 1.0517241379310345, 0, 0, 1
1.5879357381024553, 1.4119295220647665, 1, 6, -1.1363636363636365, 0, 1, 1
1.0179735290846401, -1.0050781638952504, -2, 5.0, -1.0634920634920635, 0, 0, 1
-1.3088959259160702, -1.1510116211019146, -1, -1.6666666666666667, 2.9682539682539684, 0, -1, -1
1.0151803516403843, 1.0267682487388037, -1, 5.0, 1.4395604395604396, 0, 0, 1
1.67222884386174, 1.4474562306900103, 1, 9, 1.2424242424242424, 0, 1, 1
1.1191285228862682, 1.159834214511544, 1, 1.6666666666666667, 1.06, 0, 0, 1
-1.0272126252932394, 1.0021572197593414, -1, 1.3333333333333333, -1.3653846153846154, 0, 0, 1
1.0358695652173913, 1.016753296962928, 0, 5.0, 1.2258064516129032, 0, 0, 1
1.076997826364915, -1.0168272089427994, -1.0, 3, 3.62, -1, 0, -1
-1.083991600839916, -1.0547827947785149, -1.0, -1.0, -1.3166666666666667, 0, 0, -1
1.1059963212752912, 1.0107857014693276, 2, 3.0, 1.5416666666666667, 0, 0, 1
-1.3562659123055163, -1.231102834255976, -2, -3.3333333333333335, 1.125, 0, -2, -1
1.1118785507178048, 1.1001925585440089, -1, 2.0, 1.0608695652173914, 0, 0, 1
-1.1358672564160233, -1.1658990976722863, 1, -2.0, 1.1228070175438596, -1, 0, -1
-1.049220762212424, -1.0183026433026432, 0, 1.3333333333333333, -1.2093023255813953, 0, 0, -1
1.044948037628733, 1.056772887361073, -2, 1.25, 1.271186440677966, 0, 0, -1
-1.0196200838312672, -1.0543055970627162, 0, 1.3333333333333333, 1.0338983050847457, 0, 0, 1
-1.2919650765532076, -1.262588116817724, -2, -1.6666666666666667, 1.7719298245614035, 0, -1, -1
-1.0696005136907765, -1.145531186744851, -1.0, 1.3333333333333333, 1.2115384615384615, -1, 0, -1
1.052884071417257, 1.0479536998759817, 1, 1.5, -1.2352941176470589, 0, 0, 1
1.3248345247550966, 1.2755447720197766, 1, 3.5, -1.0149253731343284, 0, 1, 1
1.340213453917779, 1.221707190894982, 1, 6.0, 1.1785714285714286, 0, 0, 1
1.0792407496395964, 1.1404266124936515, -1, -1.0, 2.9047619047619047, 1, 0, 1
-1.011101736311559, -1.0866835687552818, -1, 2.5, 1.0175438596491229, -1, 0, 1
1.01252344238383, 1.0252145500354304, -1.0, 2.0, -1.044776119402985, 0, 0, -1
-1.121202510137967, -1.1356151711378353, -1, -1.6666666666666667, 1.1320754716981132, -1, 0, -1
-1.3449540249337169, -1.1417372773859658, -1, -1.6666666666666667, -1.4146341463414633, 0, -1, -1
1.0409206271946598, 1.0277001751976893, 0, 2.0, 0, 0, -1.0, -1
-1.0129488574537542, -1.185310068380099, 0, -2.0, 0, 0, -1, -1
-1.2689259874087764, -1.112523789384648, -2, -7.0, 1.0425531914893618, 0, -1, -1
-1.1992474623731186, -1.0850946372239747, -1, -1.4, -1.6595744680851063, 0, -1, -1
-1.1911746518588142, -1.1589999560226922, -1, 1.3333333333333333, -1.0714285714285714, 0, 0, -1
1.0116671642819413, -1.0613541666666666, -2, 5.0, -1.467741935483871, 0, 0, -1
-1.0364690013488536, -1.0764211674849973, -1, 2.0, -1.2777777777777777, 0, 0, -1
1.008822718500138, -1.0866699327484077, -1.0, 1.5, 1.0625, 0, 0, -1
-1.316321743210134, -1.276679395349888, -2, -1.25, -1.0775862068965518, -1, 0, -1
-1.1627079893306236, -1.0387731602637915, -2, -1.6666666666666667, 1.1111111111111112, 0, -1, -1
-1.1434147108130763, -1.1526391199852097, -1, -2.5, 1.2063492063492063, 0, 0, -1
-1.02758084879091, -1.0199427306512865, -2.0, -1.0, 1.360655737704918, 0, 0, -1
1.0126336481756724, -1.0153262328077826, -2, 1.5, -1.1857142857142857, 0, 0, -1
-1.4936502021041769, -1.4217236226924375, -2, -8.0, -1.4523809523809523, 0, -1, -1
1.1234016535077225, 1.1069143263419836, 2, 5.0, 1.1923076923076923, 0, 0, 1
-1.1232622333751567, -1.0693665673734012, -2, -1.5, -1.0784313725490196, 0, 0, -1
1.146347920472295, -1.000528396001099, 2, 3.0, 1.1818181818181819, -1, 0, 1
1.1082409097290467, 1.1562042223179665, -1.0, 1.6666666666666667, 3.8541666666666665, 0, 0, 1
1.151651178026351, 1.1704581933357587, 2, 5, 1.0238095238095237, 1, 0, 1
1.1174376390678065, -1.0022454789686837, 2, 6.0, 1.4310344827586208, 0, 0, -1
-1.037220221543511, 1.009749330832503, -1.0, -1.0, 2.3466666666666667, 0, 0, 1
1.6584366737422263, 1.3016984197312067, 1, 11, 1.2727272727272727, 0, 3, 1
-1.112859757957897, -1.1247139842274798, -1.0, 1.5, -1.4727272727272727, 0, 0, 1
-1.0951083430647464, -1.0777226606538894, -1.0, -3.0, -1.4264705882352942, 0, 0, -1
1.0547706177447107, 1.0454653090220223, 1, 1.5, 1.4126984126984128, 0, 0, -1
-1.2904034145669834, -1.18129827519424, -2, -1.0, -1.6111111111111112, 0, 0, -1
-1.4662791187497368, -1.1605962453728187, -1, -7.0, -1.1333333333333333, 0, -2, -1
-1.0048179532151384, -1.0319961619367457, 2.0, 4.0, -1.2295081967213115, 0, 0, -1
-1.0764916216784688, -1.0102448579823702, -2, -1.3333333333333333, -1.1363636363636365, 0, 0, -1
-1.2190466747638995, -1.1281052909087221, 1, -2.5, 1.2, -1, -1, -1
1.0356897909416516, -1.0394492430574904, -2, 1.3333333333333333, 1.2083333333333333, 0, 0, 1
-1.1504315969085617, -1.119711548282977, -1.0, -3.0, -1.32, -1, 0, -1
1.0869913149904677, 1.0128534145280557, 1, 2.0, 1.0892857142857142, 0, 0, 1
-1.0680733060043406, -1.0343728899392302, -1, -1.0, 1.163265306122449, 0, 0, 1
-1.04534892828238, -1.0299282235324276, -1.0, -1.5, -1.098360655737705, 0, 0, -1
-1.100396918048097, -1.007895205493005, -1, -1.6666666666666667, 1.1785714285714286, 0, 0, -1
-1.3185737439222043, -1.1330678612908578, -1, -9.0, -1.8484848484848484, -1, -3, -1
1.5667890520694259, 1.401360544217687, 1, 11.0, 1.0843373493975903, 0, 3, 1
-1.1464975510581277, -1.1238863140964594, -1.0, 1.2, -1.05, 0, -1, 1
1.2288814570651783, 1.2507140168707243, -2, 1.75, 1.125, 1, 1, 1
-1.1804357362187454, -1.0955102700300932, -2, -1.0, -1.0461538461538462, 0, 0, -1
-1.1216848309088359, -1.082138640580199, -1, -1.0, -1.1090909090909091, 0, 0, -1
1.6877876106194691, 1.476843623193266, 1, 7, 1.1081081081081081, 0, 1, 1
-1.0985284230970345, -1.0090802805923615, -2.0, -1.0, 1.1967213114754098, 0, 0, -1
-1.013926019540174, -1.0015644882037589, -1.0, -1.3333333333333333, 1.3076923076923077, 0, 0, -1
-1.304685595905435, -1.2072958725886047, -2, -1.25, -1.2564102564102564, 0, 0, -1
1.0231751177751887, -1.05328125, 2, 3.0, -1.1224489795918366, -1, 0, 1
1.2931793326042307, 1.2165966045010104, 1, 6.0, 1.0357142857142858, 1, 1, 1
1.0973675786155779, 1.0174383644016838, 2.0, 2.0, -2.0, 0, 1, 1
1.036592709250081, -1.0214742764317835, 2, 3.0, -1.3018867924528301, 0, 0, 1
-1.2668672321956993, -1.1122423640427117, -1.0, -2.0, -1.1538461538461537, 0, -1, -1
1.1870381442066245, 1.1810375912737763, -1.0, 8.0, 2.3157894736842106, 0, 0, 1
-1.0890124817387292, -1.0887296094908552, -1.0, -1.0, 1.2456140350877194, 0, 0, -1
1.0365191884624787, 1.0668453898215697, 1, 2.5, -1.2241379310344827, 0, 0, 1
-1.1322223411084955, -1.1899166219708421, -2, 1.3333333333333333, 1.0344827586206897, -1, 0, -1
-1.3560530125849204, -1.156664989389398, -2, -3.0, 1.0388349514563107, 0, -2, -1
1.6075097916784924, 1.4392147770306825, 2, 11, 1.6551724137931034, 0, 3, 1
1.0684346638040403, -1.0412543374887546, 1, 3.0, 1.0545454545454545, 0, 0, -1
-1.0884409125502204, -1.038370969689651, 0, -2.0, 38, 0, -2.0, -1
1.0584939941455536, -1.017181625322943, -1.0, 4, 1.8556701030927836, 0, 0, 1
-1.0348038031663775, -1.0937097034171501, 1, 2.6666666666666665, -2.2452830188679247, 0, 1, -1
-1.480023245677757, -1.2902836797978638, -2, -4.0, 1.236842105263158, 0, -1, -1
1.3833243096913914, 1.2956817749000191, 0, 5.0, 1.7314814814814814, 0, 2, 1
1.0476737119319333, -1.044737273547012, 3, 3.0, 1.4473684210526316, 0, 1, 1
1.0145995781290735, -1.0029198264325399, -2, -1.5, 2.962962962962963, 0, 0, -1
1.6316631983352008, 1.4057864590982523, 1, 10.0, 2.1739130434782608, 0, 2, 1
1.0861296660117878, 1.0298064308237622, 2.0, 5.0, 1.3076923076923077, 0, 0, 1
-1.2728694874851012, -1.0383238796910648, -1, -4.0, -1.1428571428571428, 0, -2, -1
-1.0231217792243017, -1.05899509212326, 2, 4.0, -1.0948275862068966, 0, 0, -1
-1.0555109441782153, -1.0560439805025708, -2, -1.0, -1.3275862068965518, 0, 0, -1
1.3141502514668901, 1.199219363377375, 2, 7, -1.0, 1, 1, 1
1.3301096921201845, 1.2764576817142057, 1, 3.0, 1.92, 0, 0, 1
1.2564242913113621, 1.1239775461106656, 2, 5.0, -1.1521739130434783, 0, 0, 1
-1.0758065675073651, -1.1510061164790355, -2, 2.5, 1.1025641025641026, 0, 0, -1
1.167641953880486, 1.0546923555003107, 1, 6, 2.1481481481481484, 0, 0, 1
1.0362684827570445, 1.070082939589966, -1.0, 2.5, -1.1475409836065573, 0, 0, -1
-1.0031259982658696, 1.0819830453911363, -2, 3.5, 1.152542372881356, 0, -1, 1
1.2554788351846293, 1.1761875055699136, 0, 5, 1.0232558139534884, 0, 0, 1
-1.2454786666260027, -1.1579267983146353, -1, -1.5, 2.5294117647058822, 0, -1, -1
-1.1595714760553297, 1.0108292567460944, -2, -4.0, -1.32, 0, 0, -1
1.122581236117154, 1.2521440067020877, -1.0, 1.25, 1.0980392156862746, 1, 0, 1
1.3464625867898716, 1.3288168400677474, 1, 2.5, -1.3658536585365855, 1, 1, 1
1.163470425138632, 1.128990965709081, 1, 6, -1.0789473684210527, 0, 0, 1
1.0287946720062682, 1.0724721150338843, 1, -1.25, 1.1746031746031746, 0, 0, 1
-1.0157176370228194, -1.0351564740293258, -2.0, 2.0, -1.0909090909090908, 0, 0, -1
1.302185598866965, 1.2292898199351658, 1, 7, -1.3488372093023255, 0, 0, 1
-1.001576898437885, -1.0225256673511294, -1.0, 3.0, -1.125, 0, 0, -1
-1.0048179532151384, -1.0319961619367457, 2.0, 4.0, -1.2295081967213115, 0, 0, -1
-1.2451002103864466, -1.2932953595317727, 1, -1.0, 1.2448979591836735, -1, 0, -1
1.051807188331593, 1.0872257864739068, 0, 1.5, 0, 0, -1.0, 1
1.0208392201186776, 1.0267772404754372, -2, 2.0, -1.0204081632653061, 0, 0, 1
1.1659456046397418, 1.1627263315797258, -1.0, 2.0, 1.453125, 0, 1, 1
1.1415676173822633, 1.0589035961572604, -1.0, 6, -1.0909090909090908, 0, 0, 1
-1.201598532494759, -1.1074202179729817, -3, -2.0, -1.0476190476190477, 0, 0, -1
-1.072454628267115, -1.012684124386252, -2, -1.5, -1.0333333333333334, 0, 0, -1
-1.0002832676007234, -1.1255583126550868, -2, 3.0, 1.3191489361702127, -1, 0, 1
1.306128355401201, 1.1201317296678122, 0, 12, 4.84375, 0, 4, 1
-1.1815817984832069, -1.0656880733944953, -1, -1.0, 1.0172413793103448, 0, -1, -1
-1.1791784531321776, -1.1455997400004643, -2, -1.3333333333333333, -1.0, 0, 0, -1
-1.2568133101969992, -1.175243578387954, -2, -1.3333333333333333, 1.1481481481481481, 0, -1, -1
1.1870381442066245, 1.1810375912737763, -1.0, 8.0, 2.3157894736842106, 0, 0, 1
-1.1804357362187454, -1.0955102700300932, -2, -1.0, -1.0461538461538462, 0, 0, -1
1.310720581165536, 1.1554931085240199, -1.0, 7.0, 1.1791044776119404, 1, 2, 1
-1.4937080300208792, -1.2983102642459106, -2, -9.0, -1.0625, 0, -1, -1
-1.0349761526232115, 1.0163924630522247, -1.0, 1.25, -1.4871794871794872, -1, 0, -1
-1.1595714760553297, 1.0108292567460944, -2, -4.0, -1.32, 0, 0, -1
-2.0669760513349376, -1.6842424808518588, 0, -3.5, -1.9166666666666667, 0, -1.0, -1
1.062757406970626, 1.072562518983497, 0, 4.0, 0, 0, 2, 1
1.1726679897930252, 1.1297108216337708, 0, 4, -28, 0, 1, 1
-1.0471822187150654, 1.0000573016646133, 0, -1.0, -2.5, 0, -1.0, -1
-1.1558344827586207, -1.1707036221490474, 0, -1.0, -2.875, 0, -2, -1
1.0996216216216217, 1.0482748167635627, 0, 2.0, -1.8888888888888888, 0, 2.0, 1
-1.0671632136322473, -1.1179593436747495, 0, -4.0, 0, 0, -1, -1
-1.0493681213473418, 1.0334775719726101, 0, -1.0, 0, 0, -1.0, -1
-1.113595633087256, -1.0974453060094156, 0, -2.0, 0, 0, -2.0, -1
1.0417095166521635, -1.012984100084733, 0, -1.0, -1.0, 0, -1, 1
-1.0520263901979265, 1.0143044030442214, 0, 1.5, -30, 0, -1.0, 1
-1.0808850873930829, -1.1689579508306838, 0, -4, 2.142857142857143, 0, -1, -1
-1.0642605476365068, -1.0575212302484156, 0, -4.0, 0, 0, -2, -1
1.0579700375794139, -1.0003921129285234, 0, 4.0, 0, 0, 2, 1
2.384572525227512, 1.5367949335209807, 1, 11, 9, 0, 2, 1
2.1171769533992117, 1.360460191981931, 1, 11, 6.5, 0, 3, 1
-1.0425283916392332, 1.0283159232509842, 0, -1.5, 0, 0, -2.0, -1
1.1177773376307687, 1.1938488241644265, 0, 2.0, 0, 0, 1, 1
-1.1037385987771875, -1.0911486420237277, 0, -2.0, 0, 0, -1, -1
-1.1119353086213382, -1.1373279930205813, 0, -4, 0, 0, -1, -1
1.0845751954837126, 1.0665849586881644, 0, 4.0, 29, 0, 2, 1
-1.0300361034966905, -1.031544550718592, 0, -1.0, -1.75, 0, -2, -1
-1.030141592920354, -1.0685776371712523, 0, 3.0, -12, 0, -1, -1
1.14944469458202, 1.035501595762182, 0, 4.0, 0, 0, 1, 1
1.0504340416466955, -1.0006553495549966, 2, 3.0, 1.5522388059701493, 0, 0, -1
1.0052817213448892, -1.0079167609138204, 0, 3.0, 0, 0, 2, 1
-1.135978055414688, -1.1443092659064198, 0, -4.0, -24, 0, -1, -1
-1.0004946006100075, -1.0680597540574648, 0, -1.5, 13, 0, -2.0, -1
1.0118859358261492, 1.1143600719460605, 0, 2.0, -4, 0, 2, 1
1.112162316197424, 1.0930415617128464, 0, 2.0, -9, 0, 2.0, 1
-1.0403066929343485, -1.111667718931451, 0, -1.5, 1.4042553191489362, 0, -2, -1
1.062757406970626, 1.072562518983497, 0, 4.0, 0, 0, 2, 1
-1.0642605476365068, -1.0575212302484156, 0, -4.0, 0, 0, -2, -1
-1.0629283608377684, -1.065277133777411, 0, -4.0, 63, 0, -1, -1
-1.0882964075603956, -1.0866186504927975, 0, 1.5, 0, 0, -1, -1
1.1536016713711021, 1.0833366508751676, 0, 4, 0, 0, 1, 1
-1.0624434559710494, -1.1599951376648636, 0, -3.0, 0, 0, -1, -1
1.0008078537433485, -1.029619333915161, 0, -2.0, 0, 0, -2, -1
1.0032893554301328, 1.012636755027324, 0, 2.0, 22, 0, -1.0, -1
-1.0457435897435898, 1.002034615593294, 0, 2.0, 0, 0, -1, 1
1.0726982437466737, 1.0563146079871408, 0, 4.0, 0, 0, 1, 1
-1.0153628602852605, -1.0160751500172795, 0, -2.0, 22, 0, -1.0, 1
1.016815349759275, 1.0739214039430642, 0, 4.0, -1.2, 0, 1, 1
1.016447311827957, 1.0552564346192015, 0, 2.0, -6, 0, 3.0, 1
-1.0208795013850416, 1.031679963001503, 0, -1.0, 5.5, 0, -1, 1
-1.1779999610204837, -1.140454615266472, 0, -4, 4, 0, -1, -1
1.0078670360110804, -1.009692831514974, 0, 2.0, -16.0, 0, 3.0, 1
1.0996216216216217, 1.0482748167635627, 0, 2.0, -1.8888888888888888, 0, 2.0, 1
1.1418208949037325, 1.1246196403872752, 0, 4, 0, 0, 2, 1
-1.0607012782975076, 1.0335550385651262, 0, -4.0, -12, 0, -2, -1
1.109195184017623, 1.0758268203294035, 0, 4, 4, 0, 2, 1
1.062757406970626, 1.072562518983497, 0, 4.0, 0, 0, 2, 1
1.0654143443656965, 1.0854536048535013, 0, 4, 10, 0, 1, 1
1.081704412265114, 1.0828376996734865, 0, 2.0, -72, 0, -1.0, 1
1.14944469458202, 1.035501595762182, 0, 4.0, 0, 0, 1, 1
-1.0579280479680213, -1.0620753431324832, 0, 1.3333333333333333, 0, 0, -2.0, 1
1.0123947744968689, 1.0051040061633283, 0, 2.0, 1.8928571428571428, 0, 1, -1
-1.0322957465814608, -1.093391960061412, 0, -1.3333333333333333, 18, 0, 2.0, -1
1.0962492807825086, 1.0645370418779736, 0, 1.5, 0, 0, 2.0, 1
1.1177773376307687, 1.1938488241644265, 0, 2.0, 0, 0, 1, 1
1.2141032042057036, 1.1945127032628902, 0, 4, 23, 0, 1, 1
1.062757406970626, 1.072562518983497, 0, 4.0, 0, 0, 2, 1
-1.051285615010424, -1.0741501589630718, -1.0, 3.0, -2.2037037037037037, 0, 0, 1
-1.108278452356452, 1.0715692149644722, -2, -2.0, 2.511111111111111, 0, 0, -1
1.1343204398572393, 1.0480500947796638, 2, 6.0, -1.0454545454545454, 0, 0, 1
-1.0527832255877583, -1.0044080604534005, -2.0, 2.5, 2.3555555555555556, 0, 0, -1
-1.216627011896431, -1.0545005149330586, -1.0, -3.0, -1.9310344827586208, 0, 0, -1
1.1234758830912677, 1.1293938677851953, 0, 4, -1.0, 0, 2, 1
1.132943605257241, 1.1336248472767025, 0, 4, 27, 0, 1, 1
1.0313426071191996, -1.0544379036406242, 0, 2.0, -36, 0, 1, -1
1.1223915063786645, 1.137558988424152, 0, 2, -3, 0, 1, 1
1.062757406970626, 1.072562518983497, 0, 4.0, 0, 0, 2, 1
1.0654143443656965, 1.0854536048535013, 0, 4, 10, 0, 1, 1
1.1726679897930252, 1.1297108216337708, 0, 4, -28, 0, 1, 1
-1.0049767374001004, -1.049598479796088, 0, -1.5, -1.8666666666666667, 0, -2, -1
1.096892272777188, 1.1032864347162774, 0, 4.0, 0, 0, 1, 1
1.0380448753259153, -1.03615764604811, 0, 2.0, -3.6875, 0, 2, 1
-1.018724173553719, 1.0077085099502705, 0, -1.0, 0, 0, 2.0, -1
-1.1553348663993976, -1.1934308462356389, 0, -4, 0, 0, -2, -1
1.129183330915722, 1.1506867963570524, 0, 4.0, 10, 0, 1, 1
1.1481035175302692, 1.154689428649135, 0, 4, -2, 0, 1, 1
1.062757406970626, 1.072562518983497, 0, 4.0, 0, 0, 2, 1
-1.0078535943892462, -1.0212960615513498, 0, -1.0, -46, 0, -1, -1
-1.0285813110993791, -1.0988228582712583, 0, -4.0, -6, 0, -1, -1
1.1052309321683298, 1.0603472153968494, 0, 2.0, 0, 0, 2.0, 1
1.1070874471086036, 1.0455523499840793, 0, 4.0, 2, 0, 2, 1
-1.1124885627657475, -1.186256900026286, 0, -4.0, -1.4558823529411764, 0, -2, -1
1.206012442015175, 1.1345899935387813, 0, 4, 14, 0, 1, 1
1.0674672600343111, 1.143484002031488, 0, 2.0, -5.0, 0, 3.0, 1
-1.0764979480164159, -1.0276077046835896, 0, -2.0, 0, 0, -1.0, -1
-1.0030183876915044, 1.0033943440102018, 0, 4.0, 12, 0, 1, 1
-1.0629283608377684, -1.065277133777411, 0, -4.0, 63, 0, -1, -1
-1.0300361034966905, -1.031544550718592, 0, -1.0, -1.75, 0, -2, -1
1.158205108177771, 1.1950410705288197, 0, 4, 18, 0, 1, 1
1.1146646016842512, 1.166232831524021, 0, 2.0, -3.5, 0, 2, 1
1.0674672600343111, 1.143484002031488, 0, 2.0, -5.0, 0, 3.0, 1
-1.0764979480164159, -1.0276077046835896, 0, -2.0, 0, 0, -1.0, -1
-1.0030183876915044, 1.0033943440102018, 0, 4.0, 12, 0, 1, 1
-1.0602736985981698, -1.0011669727578818, 0, 1.5, 0, 0, -1.0, 1
-1.19460911654344, -1.1582164688960805, 0, -4.0, 4, 0, -1.0, -1
-1.0464367554873777, -1.0568914696039537, 0, -2.0, -5, 0, -1.0, -1
1.0688461348236806, 1.0778544094437117, -1.0, 2.0, 1.1071428571428572, 0, 0, -1
-1.4238894108173399, -1.4213401397867418, -2, -1.6666666666666667, -1.3728813559322033, -1, -1, -1
1.3619542023631326, 1.3208740491723883, 1, 4, 1.6470588235294117, 0, 0, 1
1.423094425483504, 1.3197938144329897, 1, 9, -1.0784313725490196, 0, 2, 1
1.2305164903546981, 1.1590793489318414, -2, 6, -1.489795918367347, 0, 0, 1
1.234070505802496, 1.1349294499979432, -1.0, 6.0, 1.391304347826087, 1, 0, 1
1.3502405130946018, 1.2836098802677478, 2, 6.0, 1.1090909090909091, 1, 0, 1
-1.1588737025999383, -1.055823852009495, -2, 1.5, -1.1846153846153846, 0, 0, -1
1.047754876702245, 1.0636711007580866, -2, -1.5, 2.3857142857142857, 0, 0, 1
-1.1714300453982667, -1.0456929006812477, -2, -1.0, 1.9444444444444444, 0, 0, -1
1.0964999878218087, 1.1215277777777777, -1.0, 2.0, 1.4736842105263157, 1, -1.0, 1
1.0087301865005773, -1.0343905273280976, 0, -2.0, -19, 0, -1, -1
-1.0469443525787192, -1.0419292177950443, 0, -1.0, 0, 0, -1, -1
-1.445703519646124, -1.2993010705122534, -2, -1.0, -1.1388888888888888, 0, 0, -1
-1.570508282599462, -1.3747615413964136, -2, -8.0, -1.0, 0, -1, -1
-1.010205896740339, -1.0906662178934303, 2.0, -1.0, 1.196078431372549, 0, 0, -1
1.2153155956641253, 1.084100730818834, 2, 3.0, 1.0625, 0, 1, 1
1.328729203739796, 1.1424466240767568, 2.0, 7.0, -1.475, 0, 0, 1
-1.2018888289260659, -1.1997413111691297, 2.0, 1.5, 1.7435897435897436, 0, 0, 1
1.256015016210682, 1.1854446701202674, 1, 4, -1.3265306122448979, 1, 0, 1
1.2554788351846293, 1.1761875055699136, 0, 5, 1.0232558139534884, 0, 0, 1
1.0590428837787447, 1.0841581236103186, -1, 5.0, -1.58, 0, 0, 1
-1.1696141068234092, -1.1195178591175494, -2, -2.5, 1.2692307692307692, 0, 0, -1
1.2306141439205955, 1.1323047750387865, 3, 8.0, -1.3095238095238095, 0, 1, 1
1.0503561620322692, 1.0830954773869346, -1.0, -1.25, -1.0408163265306123, 0, 0, -1
-1.5062179727534057, -1.3328699000053472, -2, -1.0, -1.0975609756097562, 0, -1, -1
1.181345329303437, 1.1059356136820926, 2, 3.0, -1.4680851063829787, 0, 1, 1
-1.0222043806608625, -1.0582061485984169, -1.0, -1.5, -1.7575757575757576, 0, 0, 1
-1.072696801146438, -1.034419278105285, -1, -4.0, 1.3829787234042554, 0, 0, 1
-1.0858643201816633, -1.065058938033957, 2, -1.3333333333333333, 1.1746031746031746, 0, 0, -1
1.0688461348236806, 1.0778544094437117, -1.0, 2.0, 1.1071428571428572, 0, 0, -1
1.4186867376070595, 1.4286476109215016, 1, 3.5, -1.2, 0, 1, 1
-1.0764916216784688, -1.0102448579823702, -2, -1.3333333333333333, -1.1363636363636365, 0, 0, -1
-1.2214686978085936, -1.1532374855703642, -1, -2.0, 1.75, 0, -1, -1
1.2516750973277895, 1.164303457978852, -1.0, 6.0, 1.607843137254902, 1, 0, 1
1.5031772323445265, 1.2875786887762937, 2, 11, 6.6, 0, 3, 1
1.0291967122182442, 1.0363224317525002, -1, -1.0, -1.0, 0, 0, -1
-1.1101557110476004, -1.1605088212733317, -1.0, -1.3333333333333333, 1.1875, -1, 0, -1
-1.2768192748581702, -1.2154592642744302, -2, -2.5, -2.0526315789473686, 0, 0, -1
1.5948413119626366, 1.3839270047376733, 2, 9, -1.4375, 0, 2, 1
1.0964999878218087, 1.1215277777777777, -1.0, 2.0, 1.4736842105263157, 1, -1.0, 1
-1.0199909284862332, -1.0740819171651932, 0, 1.5, 83, 0, 2.0, 1
-1.109958650003465, -1.2107683806799714, 0, -4.0, 18, 0, -1, -1
1.0840544494309587, 1.0342024983856242, 2, 6, -1.0684931506849316, 0, 0, -1
1.0241105143420035, 1.0221186310620012, -2.0, 5.0, 1.6578947368421053, 0, 0, -1
1.3492089426245133, 1.142417453570905, 3, 7, -2.372549019607843, 0, 1, 1
-1.0137635146730737, -1.0671038966034543, 0, 1.5, 0, 0, -1.0, 1
-1.0059457893929844, 1.0734090258563114, 0, -1.5, 0, 0, -1.0, 1
-1.2156372600076382, -1.1825522303783174, -1, -2, -2.186046511627907, 0, 0, -1
1.294016079425889, 1.1602483874073362, -1.0, 9, -1.0597014925373134, 1, 0, 1
-1.556928508384819, -1.4742491948972714, -2, -3.5, 1.6904761904761905, 0, -1.0, -1
-1.4238894108173399, -1.4213401397867418, -2, -1.6666666666666667, -1.3728813559322033, -1, -1, -1
-1.10912231119485, -1.2210753331588067, 0, -2, 0, 0, 0, -1
-1.3276050937970696, -1.226947972642892, -1.0, -1.0, -1.375, 0, 0, -1
-1.1560751059963659, -1.1737562214117314, -2, -1.0, -1.1333333333333333, -1, 0, -1
1.0487110521168088, 1.0463873804486648, 0, 5, 11, 0, 2, 1
-1.0916268523767108, -1.1842859849681047, 0, -4.0, 0, 0, -2, -1
1.309775243550078, 1.21823684718913, 1, 8.0, 1.0851063829787233, 0, 1, 1
-1.280108407204562, -1.148633722326274, -1, -3.0, 1.1176470588235294, 0, -2, -1
1.5116501416430594, 1.3788855421686748, 1, 5, 1.2857142857142858, 0, 0, 1
1.0688461348236806, 1.0778544094437117, -1.0, 2.0, 1.1071428571428572, 0, 0, -1
-1.316321743210134, -1.276679395349888, -2, -1.25, -1.0775862068965518, -1, 0, -1
-1.1489075282178731, -1.1726878780154335, -1, -5.0, 1.0566037735849056, -1, 0, -1
1.0977290372670807, 1.0661676274208933, 2, -1.0, 1.4489795918367347, 0, 0, -1
-1.047959794184516, 1.0084409448818898, -2, -1.3333333333333333, 1.0714285714285714, 0, 0, 1
-1.1501851500189897, -1.1085121165547298, -1, -5.0, 1.2, 0, 0, -1
1.0754508270521956, 1.0955090208973306, -2, 4.0, 1.6363636363636365, 1, 0, 1
-1.1190979404622718, -1.0870284834488069, -2, -1.75, 1.3018867924528301, 1, -1, -1
-1.24582680926727, -1.154609989013775, -2, 2.5, -1.2616822429906542, 0, 0, -1
1.0504943665210393, -1.015027593599873, -1.0, 3.0, -1.106060606060606, -1, 0, 1
-1.1815817984832069, -1.0656880733944953, -1, -1.0, 1.0172413793103448, 0, -1, -1
-1.318441463158998, -1.183611636330501, -1, -3.5, 2.5416666666666665, 0, -1, -1
-1.1247108962864791, -1.0690009650484622, -1.0, -2.0, -1.1166666666666667, 0, 0, -1
1.3389073972248278, 1.3226708970291319, 2, 4, 1.075, 0, 0, 1
-1.1055462640690683, 1.0284192181249256, -2, -1.6666666666666667, -1.203125, 0, -2, -1
1.2264733271251829, 1.107355109701059, -1, 7.0, -1.054054054054054, 0, 0, 1
-1.250569537133821, -1.1980070941846355, -2.0, -1.5, 1.0677966101694916, 0, 0, -1
1.0692511597084162, 1.1499387737251814, -1.0, 1.6666666666666667, 1.6341463414634145, 1, 0, 1
-1.1096480915432243, -1.071377299237326, -1, 4.0, 1.1923076923076923, 0, 0, -1
-1.0349761526232115, 1.0163924630522247, -1.0, 1.25, -1.4871794871794872, -1, 0, -1
1.2516750973277895, 1.164303457978852, -1.0, 6.0, 1.607843137254902, 1, 0, 1
1.5031772323445265, 1.2875786887762937, 2, 11, 6.6, 0, 3, 1
1.0291967122182442, 1.0363224317525002, -1, -1.0, -1.0, 0, 0, -1
-1.1101557110476004, -1.1605088212733317, -1.0, -1.3333333333333333, 1.1875, -1, 0, -1
-1.2768192748581702, -1.2154592642744302, -2, -2.5, -2.0526315789473686, 0, 0, -1
1.5948413119626366, 1.3839270047376733, 2, 9, -1.4375, 0, 2, 1
-1.6807012635799878, -1.599428997020854, -1, -8.0, -1.3214285714285714, 0, -1, -1
1.0319001060195547, 1.0327937162739338, 2, -1.0, 1.0327868852459017, 0, 0, 1
-1.41469995256167, -1.2527386541471048, -1.0, -3.0, 1.0483870967741935, -1, -2, -1
-1.3694728379464798, -1.28108920893734, 1, -3.0, -1.3653846153846154, -1, -1, -1
1.056357519505619, -1.065761425648022, 2, 2.0, 1.2424242424242424, -1, 0, 1
-1.0257007056056449, 1.0000666977923032, 2, 2.0, -1.0545454545454545, 0, 0, -1
-1.1685432138199048, -1.0700433591474858, -1.0, -1.0, -1.22, 0, 0, -1
1.2079344036922472, 1.174902498607123, -3, 8.0, 1.0327868852459017, 1, 1, 1
1.2654390824328015, 1.2540934802024413, 1, 2.0, -3.3076923076923075, 0, 1, 1
1.1334364244026538, -1.034187286875929, -1.0, 4.0, 1.4, 0, 0, -1
-1.0965079365079364, -1.166160081053698, -1.0, -1.3333333333333333, -1.3191489361702127, -1, -1, -1
1.2041415204030785, 1.036702629098146, -2, 5, -1.043859649122807, 0, 0, 1
1.5863379022646007, 1.5347357388830662, 0, 6, 1.1333333333333333, 0, 1, 1
1.8307770384572009, 1.616215409118057, 0, 8, -3.1153846153846154, 0, 1, 1
1.4114348685703173, 1.1923172038578849, 1, 9.0, 1.3428571428571427, 0, 2, 1
1.152139810775038, 1.050502134328666, 2, 6.0, 1.125, 1, 0, 1
-1.3599947739743925, -1.2311569645231866, -3, -2.5, -1.150943396226415, 0, 0, -1
1.100884109916368, 1.107358935850676, 3, 2.0, -1.0416666666666667, 0, 1, 1
-1.2654636486909356, -1.2934036096470212, -1.0, -1.25, -1.0416666666666667, -1, -1, -1
1.0595563055238473, 1.053777344412413, -1.0, 2.0, 1.26, 0, 0, 1
-1.3030964615671343, -1.2705087903131913, -1.0, 1.5, 1.44, 0, 0, -1
-1.3831949655804059, -1.2227237463854996, -2.0, -1.5, -1.0185185185185186, 0, 0, -1
1.1833400564743848, 1.0910641839176116, 3, 2.5, 1.1224489795918366, 0, 0, 1
1.1186317867226345, 1.0382315249893208, -1, 6, -1.0, 0, 0, -1
-1.2623236727365992, -1.2614988671608631, -1.0, -2.0, 1.05, -1, 0, -1
1.008493829710332, -1.0515608083724288, -2, 1.5, 1.0175438596491229, 0, 0, -1
1.0293142292990405, 1.0265260267132692, 1, -1.0, -1.0425531914893618, 0, 0, 1
1.1553062526584432, 1.0575930568136336, -1.0, 4.0, 1.1458333333333333, 0, 0, -1
1.148187231476596, 1.0642004821620308, 1, 1.5, -1.2045454545454546, 0, 0, 1
-1.2356595723446193, -1.2547250127703047, -2.0, -4.0, 1.0350877192982457, -1, 0, 1
-1.2269889178167408, -1.1443673337637186, -2.0, -1.3333333333333333, 1.434782608695652, -1, -2, -1
-1.032700100723806, -1.074665437935732, -2, -1.0, 1.1041666666666667, 0, 0, -1
1.181345329303437, 1.1059356136820926, 2, 3.0, -1.4680851063829787, 0, 1, 1
1.207824417302256, 1.0827340547079778, 1, 5, 2.4489795918367347, 0, 0, -1
-1.2472275732805749, -1.1621202090990024, -2, 1.6666666666666667, -1.896551724137931, -1, -2, -1
1.0499838240051764, -1.060177757135619, 0, -1.0, 0, 0, 2.0, 1
-1.1289891223287989, -1.1148154306617892, -1.0, -2.0, -1.6470588235294117, -1, 0, -1
-1.4790760247309365, -1.3408442165357315, -2, -9, -1.2564102564102564, -1, -1, -1
-1.0289512222597725, 1.0493704708311404, 2, 1.4, 2.611111111111111, 1, 1, -1
1.0785720497434559, -1.026805345773665, 3, 1.4, -1.0909090909090908, -1, 0, 1
1.2948288495760494, 1.186455236207466, 2, 7.0, 1.8857142857142857, 0, 1, 1
-1.2746813954044425, -1.148194246481842, -2, -3.0, 1.6818181818181819, -1, 1, -1
-1.235715495752765, -1.2985827319363534, -2, -1.6666666666666667, -1.1777777777777778, -1, 0, -1
-1.392450931051837, -1.2083333333333333, -2, -3.5, 1.2765957446808511, -1, -2, -1
-1.2472275732805749, -1.1621202090990024, -2, 1.6666666666666667, -1.896551724137931, -1, -2, -1
1.1651242665649, 1.1764369225737878, 2, 2.0, 1.0754716981132075, 1, 0, 1
1.1182439322863553, 1.062891334544289, -2.0, 4, 1.3, 0, 0, 1
1.0205561350395604, 1.0134036758240579, -3, 3.0, -1.22, 0, 0, -1
1.9108883701771249, 3.1727566492667165, 0, 6, 2.75, 0, 1, 1
-1.1945511281805088, -1.143185618729097, -2, -2.5, -1.2439024390243902, -1, -1, -1
1.1226547407975866, 1.0384770346494763, -1, 3.0, -1.2195121951219512, 0, 0, 1
1.1882721178882056, 1.1762037275214554, 3, 5.0, -1.048780487804878, 0, 0, 1
1.0414233059257159, 1.01624085656737, -1, 3, -1.1521739130434783, 0, 0, 1
-1.0752876073976991, -1.017972497601535, -1.0, 2, 1.1555555555555554, 0, 0, -1
-1.556928508384819, -1.4742491948972714, -2, -3.5, 1.6904761904761905, 0, -1.0, -1
1.1746854710205246, 1.2093467984529438, 1, 3.0, 1.0392156862745099, 0, 0, 1
1.2365308461859108, 1.0429615885848078, 1, 4.0, 1.3709677419354838, 1, 2, 1
-1.1216935913367654, -1.0818562429080096, -1.0, -1.5, -1.1333333333333333, 0, -1, -1
1.4928080685010323, 1.3781005084412483, 1, 6, 1.4, 0, 1, 1
-1.1131448412698413, -1.082399915939897, -1.0, -1.5, -1.3148148148148149, 0, 0, -1
-1.006465853604156, -1.024231943465915, 2, -1.25, -1.0566037735849056, 0, 0, -1
-1.3595498892679716, -1.2706557289153397, -1, -3.0, -1.3863636363636365, 0, 0, -1
1.3087498638789066, 1.2290032247196419, 2, 10.0, 1.0677966101694916, 1, 2, 1
1.0412543766174456, -1.0355865898287975, -1.0, 3.0, 1.2894736842105263, 0, 0, 1
-1.0567182213629773, -1.0453668358572088, -2, 4.0, -1.346938775510204, 0, 0, -1
-1.175901883873819, -1.1262455434683243, -2, -1.0, 1.125, 0, 0, -1
-1.2180684428797326, -1.094109097515556, -2, -2.0, 1.1607142857142858, 0, 0, -1
-1.2597343366968816, -1.1291995541705524, -1, -4, -1.0634920634920635, 0, 0, -1
1.1407433842099484, 1.0187409596880699, -1.0, 5, 1.1578947368421053, 0, 0, 1
-1.4991363772904776, -1.4009802195222163, -1, -1.0, -1.0777777777777777, 0, -1, -1
-1.1695911013629954, -1.0597978547854785, -2, -3.0, -1.1475409836065573, 0, 0, -1
1.2283710816291626, 1.1443035856240324, 1, 5.0, -1.490566037735849, 0, 0, 1
1.4324104707179754, 1.1787380034083774, 3, 7.0, -1.3571428571428572, 1, 1, 1
-1.033050379225476, -1.0248240537215916, -1, -1.0, -1.2045454545454546, 0, 0, -1
-1.3210242518719173, -1.1579961872484643, -3, -7.0, -1.0923076923076922, -1, -2, -1
-1.207123943375089, -1.1716766220889459, -2, -1.5, -1.0862068965517242, 0, 0, -1
1.4930067966073133, 1.3574670412794467, 2, 10, 2.409090909090909, 1, 2, 1
-1.4699688406575695, -1.3356194114072402, -2, -2.5, -1.5862068965517242, 0, -1, -1
1.0979721101292332, 1.0079509933496968, 2.0, 3.0, 1.2790697674418605, 0, 0, 1
-1.3006988793830583, -1.1626872470991774, -2, 1.25, -1.2619047619047619, 0, -1, -1
1.60890675576903, 1.4624370489590364, 1, 6, 1.05, 0, 1, 1
-1.1571410531632782, -1.1028859045651362, -1.0, -1.0, 1.1333333333333333, 0, 0, -1
1.3122282696209462, 1.211680216802168, 2, 6, -1.0212765957446808, 0, 0, 1
1.5457235451599267, 1.3289027149321266, 1, 8, 1.1891891891891893, 0, 1, 1
1.08120896816549, 1.039657484782833, 2, 2.0, -1.1206896551724137, 0, 0, 1
-1.4630717582878725, -1.393446256134241, 1, -1.3333333333333333, -1.0666666666666667, 0, -1, -1
1.0856562761256419, 1.1425374952923193, 1, -1.0, 1.2571428571428571, 1, 0, 1
1.081651532487767, 1.0329175672727995, -1.0, 3.0, -1.1590909090909092, 0, 1, 1
1.4249501488704963, 1.2327745868010784, 2, 10.0, 1.1132075471698113, 1, 1, 1
-1.0332290675007934, -1.0225863127368175, 2, 2.5, -1.2916666666666667, 0, 0, 1
-1.2698714395079327, -1.2285512699905927, -1.0, -1.6666666666666667, -1.1818181818181819, 0, 0, -1
1.0789447560430834, -1.0198514830597865, 2, 5.0, 1.126984126984127, 0, 0, 1
-1.2080125463358997, -1.0159557271361466, -2, -2.0, -1.2926829268292683, 0, -1, -1
-1.2408166344002212, -1.1867604450047553, -1.0, -1.3333333333333333, -1.103448275862069, -1, 0, -1
1.3612414612414612, 1.2090090571482006, 1, 7, -1.1511627906976745, 0, 1, 1
-1.1110669905633934, -1.1579300929637897, -2, 1.25, 1.2063492063492063, -1, 0, -1
1.2380645952074523, 1.1929815089755702, 2, 5, 1.1443298969072164, 0, 0, 1
1.0710010173421345, -1.0423213954733612, -1.0, 2.5, 1.735042735042735, 0, 0, 1
-1.2873356938448852, -1.1887000043146223, -2, -1.25, -1.0588235294117647, -1, -1, -1
1.2508524634179083, 1.172323399558499, 2, 7, -1.2391304347826086, 0, 2, 1
1.1659389699674345, 1.0293032744657613, 2, 9.0, 1.0740740740740742, 0, 0, -1
1.2810781363494863, 1.2032052772903143, 2, 7.0, 1.2264150943396226, 0, 1, 1
-1.1480792302230491, -1.0861275200235447, -1.0, -1.25, -1.2616822429906542, 0, 0, -1
1.4347375937165299, 1.2674460648427142, -1.0, 6, 1.4666666666666666, 0, 1, 1
1.3612414612414612, 1.2090090571482006, 1, 7, -1.1511627906976745, 0, 1, 1
-1.1110669905633934, -1.1579300929637897, -2, 1.25, 1.2063492063492063, -1, 0, -1
1.2380645952074523, 1.1929815089755702, 2, 5, 1.1443298969072164, 0, 0, 1
-1.5391859972139785, -1.2642703577553929, -2, -5.0, 2.0945945945945947, -1, -3, -1
-1.3358630837140866, -1.2459254758132772, -3, -1.75, -1.2444444444444445, -1, -1, -1
-1.420419439163498, -1.4628639642912753, -2, -3.5, 1.1555555555555554, -1, -1, -1
1.0076615823036135, -1.015684264479754, -1.0, 2.0, 1.1224489795918366, 0, 0, -1
1.1032025018788334, 1.0602945558251393, -1.0, 3.0, 1.1428571428571428, 0, 0, 1
-1.0233819201446017, -1.0383561643835617, -2, 1.2, 1.08, 0, 2, 1
-1.273462478841452, -1.095770307515354, -2, 2.0, 1.5526315789473684, 0, 0, 1
-1.108936678614098, -1.085842254752021, -1, 1.6666666666666667, -1.0545454545454545, 0, 0, -1
1.1191285228862682, 1.159834214511544, 1, 1.6666666666666667, 1.06, 0, 0, 1
-1.055464466875032, -1.0406027248939818, -1.0, 4.0, -1.175, 0, 0, -1
-1.454705689457288, -1.3067766960754488, 0, -6.0, -1.6785714285714286, 0, -1, -1
1.1579143716122802, 1.1751090795761479, 2, 2.6666666666666665, -1.7173913043478262, 1, 1, 1
1.2811653116531165, 1.2028357880852936, 0, 8.0, 1.3137254901960784, 0, 2, 1
1.3141502514668901, 1.199219363377375, 2, 7, -1.0, 1, 1, 1
1.006357516828721, -1.027808494081992, -1.0, -1.25, -1.1111111111111112, 0, 0, -1
1.069164265129683, 1.058450982979285, 1, 3.0, 3.9583333333333335, 0, 0, 1
1.3060066776880936, 1.2603825456247075, 1, 7.0, -1.2325581395348837, 0, 1, 1
-1.108936678614098, -1.085842254752021, -1, 1.6666666666666667, -1.0545454545454545, 0, 0, -1
-1.0063153788008095, -1.067700327474437, -1.0, 2.5, 1.6730769230769231, 0, 0, -1
1.3649896706768745, 1.2206120092378754, 1, 5.0, 1.1886792452830188, 0, 0, 1
-1.3088959259160702, -1.1510116211019146, -1, -1.6666666666666667, 2.9682539682539684, 0, -1, -1
1.162255410524284, 1.1271919093059293, 2, 2.5, 1.0422535211267605, 1, 0, 1
1.6035047047593072, 1.3403173711557366, 0, 10, 1.1547619047619047, 0, 2, 1
-1.1197798725577965, 1.0476201092408872, 1, -2.0, -1.1355932203389831, 1, -1, -1
1.0562551187551188, -1.0121455861652926, 0, 3, 1.2, 0, 0, 1
1.1838331160365059, 1.0836765662258834, -1.0, 9.0, 1.0425531914893618, 0, 2, 1
-1.283384096458328, -1.2925167047750128, -1, -1.2, -1.6842105263157894, -1, -1, -1
-1.108936678614098, -1.085842254752021, -1, 1.6666666666666667, -1.0545454545454545, 0, 0, -1
-1.1230823779695072, 1.0075262679435952, -1, -2.3333333333333335, -1.0476190476190477, -1, -1, -1
-1.4214988578457213, -1.301203339882122, 0, -3.0, 2.357142857142857, 0, -1, -1
1.4189293527216575, 1.3708841917237273, 1, 4.0, 1.1842105263157894, 0, 2, 1
-1.0438222222222222, 1.0420064751444613, -1, -1.25, 1.5294117647058822, 0, 0, -1
1.3824875082776473, 1.2337012626062098, 1, 6.0, -1.25, 0, 0, 1
-1.1375862702390638, -1.0366764244198379, -1, -1.0, 1.0196078431372548, 0, 0, -1
1.2882802582178645, 1.2362011067492786, 1, 4.0, 1.1176470588235294, 1, 0, 1
-1.3217608288806315, -1.179601372563335, -2, -5.0, -1.5, 0, -1, -1
1.1382338670548278, 1.1499416307471264, -1, 6.0, -1.3333333333333333, 1, 1, 1
-1.108936678614098, -1.085842254752021, -1, 1.6666666666666667, -1.0545454545454545, 0, 0, -1
-1.120854115429701, -1.145851936033769, -1.0, -1.0, 1.293103448275862, 0, 0, -1
-1.0505951034077023, -1.0805029740569236, -1, 2.5, 1.703125, 0, 0, -1
1.524241884754614, 1.4402344790833999, 0, 6, 1.6, 0, 1, 1
-1.0314172942564195, -1.1033039379038485, -1.0, 2.5, 2.694915254237288, -1, 0, -1
1.4687126219704123, 1.3170152598442002, 2, 7, 1.7096774193548387, 1, 1, 1
1.2753791354093582, 1.0238630954956514, 2, 8, 3.2941176470588234, 0, 2, 1
1.1335488041370394, 1.0496016800200871, -3, 2.5, -1.2448979591836735, 0, 1, 1
-1.2175382935011572, -1.1047190364615447, -2, -5, -1.0344827586206897, 0, 0, -1
-1.0329015964225305, 1.001189358372457, -2, -1.0, 1.288888888888889, 0, 0, -1
-1.108936678614098, -1.085842254752021, -1, 1.6666666666666667, -1.0545454545454545, 0, 0, -1
-1.0083805606004246, 1.0295638701032224, 2, -1.2, -1.1964285714285714, 0, 0, 1
-1.0272126252932394, 1.0021572197593414, -1, 1.3333333333333333, -1.3653846153846154, 0, 0, 1
1.0709143783371473, -1.0124482150290393, 1, 1.5, 1.1041666666666667, 0, 0, 1
1.5869690563136651, 1.4491852627445847, 0, 7, 2.3333333333333335, 0, 1, 1
1.044948037628733, 1.056772887361073, -2, 1.25, 1.271186440677966, 0, 0, -1
-1.5818548000383619, -1.3133384361277847, 0, -1.3333333333333333, 3.769230769230769, 0, -1, -1
1.5323072040622026, 1.4119771123826454, 1, 10.0, 2.066666666666667, 0, 1, 1
1.096889616968077, 1.170790438739893, 0, 2.0, 1.2222222222222223, 1, 0, 1
1.2882802582178645, 1.2362011067492786, 1, 4.0, 1.1176470588235294, 1, 0, 1
-1.108936678614098, -1.085842254752021, -1, 1.6666666666666667, -1.0545454545454545, 0, 0, -1
-1.3711271197245951, -1.2170178534357483, -1, -1.3333333333333333, -2.642857142857143, 0, 0, -1
-1.055230284210776, -1.0084038990678925, -1.0, 1.6666666666666667, 1.024390243902439, 0, 0, 1
1.0297068344085034, -1.0082015589067301, -1.0, 1.5, 1.2142857142857142, 0, 0, 1
-1.0258376064121073, -1.009700760083084, -1.0, 2.0, -1.3035714285714286, 0, 0, -1
1.2533151376264902, 1.2235798836504121, -1.0, 6.0, -1.0161290322580645, 0, 0, 1
1.0201860179885527, -1.032725179346382, -1.0, 4.0, -1.206896551724138, 0, 0, -1
-1.1955372572938905, -1.174808353753119, -2, -4, -1.3508771929824561, 0, 0, -1
1.0322980510984092, -1.0123276561232766, 2, 4.0, -1.4509803921568627, 0, 0, -1
1.0280390107976314, -1.016336693793271, -1, 2.0, -1.1923076923076923, 0, 0, -1
-1.108936678614098, -1.085842254752021, -1, 1.6666666666666667, -1.0545454545454545, 0, 0, -1
1.1191285228862682, 1.159834214511544, 1, 1.6666666666666667, 1.06, 0, 0, 1
1.151651178026351, 1.1704581933357587, 2, 5, 1.0238095238095237, 1, 0, 1
1.1211293038237231, 1.112598319628173, 1, 6.0, 1.2222222222222223, 0, 0, 1
1.447729769315269, 1.2435498988703073, 0, 6, 1.0517241379310345, 0, 0, 1
1.3765081951800433, 1.3217089887345395, 2, 5, -1.3428571428571427, 0, 0, 1
-1.1955372572938905, -1.174808353753119, -2, -4, -1.3508771929824561, 0, 0, -1
-1.2689259874087764, -1.112523789384648, -2, -7.0, 1.0425531914893618, 0, -1, -1
1.0634894497894662, 1.0833986167379188, -1.0, -1.0, 1.2307692307692308, 0, 0, 1
1.0116671642819413, -1.0613541666666666, -2, 5.0, -1.467741935483871, 0, 0, -1
-1.108936678614098, -1.085842254752021, -1, 1.6666666666666667, -1.0545454545454545, 0, 0, -1
1.00534797154031, -1.0024461152882205, 2, 3.0, -1.1451612903225807, 0, 0, 1
-1.037220221543511, 1.009749330832503, -1.0, -1.0, 2.3466666666666667, 0, 0, 1
-1.047959794184516, 1.0084409448818898, -2, -1.3333333333333333, 1.0714285714285714, 0, 0, 1
1.1592907385697537, 1.1515958051821016, -1.0, 2.5, 1.66, 0, 0, 1
1.4012723562597527, 1.3180555180878901, 2, 7, 1.375, 0, 0, 1
1.360843326279489, 1.3284442240015115, 1, 9.0, 1.148936170212766, 0, 1, 1
1.4079249106714309, 1.2904076252281484, 1, 9.0, 1.0925925925925926, 1, 2, 1
-1.0250364037765982, -1.0285720405234637, -2, -1.0, -2.111111111111111, 0, 0, -1
-1.0713909756447677, -1.0058186764400279, -1, 1.5, 1.8055555555555556, 0, 0, 1
-1.108936678614098, -1.085842254752021, -1, 1.6666666666666667, -1.0545454545454545, 0, 0, -1
1.1191285228862682, 1.159834214511544, 1, 1.6666666666666667, 1.06, 0, 0, 1
-1.055464466875032, -1.0406027248939818, -1.0, 4.0, -1.175, 0, 0, -1
1.1157945313182493, 1.1509196271101032, -2, 1.5, -1.4489795918367347, 1, 1, 1
1.0078083366157695, 1.0405633309240643, -2, 6.0, -1.3859649122807018, 0, 0, 1
1.447729769315269, 1.2435498988703073, 0, 6, 1.0517241379310345, 0, 0, 1
1.5879357381024553, 1.4119295220647665, 1, 6, -1.1363636363636365, 0, 1, 1
1.0179735290846401, -1.0050781638952504, -2, 5.0, -1.0634920634920635, 0, 0, 1
-1.3088959259160702, -1.1510116211019146, -1, -1.6666666666666667, 2.9682539682539684, 0, -1, -1
1.0151803516403843, 1.0267682487388037, -1, 5.0, 1.4395604395604396, 0, 0, 1
-1.2314486763113868, -1.1963065755764304, -1.0, -1.0, -1.2857142857142858, -1, 0, -1
-1.1011523381466959, -1.1341240679859903, 1, 1.3333333333333333, -1.1415094339622642, 0, 0, -1
-1.2712665406427222, -1.1569581474974096, -2, -5.0, 1.6153846153846154, 0, -1, -1
1.1382338670548278, 1.1499416307471264, -1, 6.0, -1.3333333333333333, 1, 1, 1
-1.0063153788008095, -1.067700327474437, -1.0, 2.5, 1.6730769230769231, 0, 0, -1
-1.0628377409019176, -1.0929099359171222, 0, 1.5, -1.4625, 0, 0, -1
-1.0967774144429745, -1.1116576271930787, -1, 1.5, 1.293103448275862, 0, 0, -1
1.0570752728465034, -1.0347905203414063, -2, 1.5, 1.2153846153846153, 0, 0, -1
1.2834402825448938, 1.119997519431123, -1, 7, -1.1690140845070423, 0, 0, 1
-1.1971589857486582, -1.2042035529091661, 1, -1.6666666666666667, 1.018181818181818, -1, 0, 1
1.1082409097290467, 1.1562042223179665, -1.0, 1.6666666666666667, 3.8541666666666665, 0, 0, 1
1.151651178026351, 1.1704581933357587, 2, 5, 1.0238095238095237, 1, 0, 1
-1.112859757957897, -1.1247139842274798, -1.0, 1.5, -1.4727272727272727, 0, 0, 1
1.3060066776880936, 1.2603825456247075, 1, 7.0, -1.2325581395348837, 0, 1, 1
-1.1810667100099845, -1.11069563273518, -2, 1.3333333333333333, -1.1967213114754098, -1, -1, -1
-1.4951286467865217, -1.3150434599254972, -1, -9.0, -1.3137254901960784, 0, -1, -1
-1.2904034145669834, -1.18129827519424, -2, -1.0, -1.6111111111111112, 0, 0, -1
-1.3090375899760065, -1.2090045900459006, -2, -1.3333333333333333, -1.0704225352112675, 0, 0, -1
1.1382338670548278, 1.1499416307471264, -1, 6.0, -1.3333333333333333, 1, 1, 1
-1.2568133101969992, -1.175243578387954, -2, -1.3333333333333333, 1.1481481481481481, 0, -1, -1
-1.108936678614098, -1.085842254752021, -1, 1.6666666666666667, -1.0545454545454545, 0, 0, -1
-1.0063153788008095, -1.067700327474437, -1.0, 2.5, 1.6730769230769231, 0, 0, -1
1.3649896706768745, 1.2206120092378754, 1, 5.0, 1.1886792452830188, 0, 0, 1
-1.3088959259160702, -1.1510116211019146, -1, -1.6666666666666667, 2.9682539682539684, 0, -1, -1
1.162255410524284, 1.1271919093059293, 2, 2.5, 1.0422535211267605, 1, 0, 1
1.6035047047593072, 1.3403173711557366, 0, 10, 1.1547619047619047, 0, 2, 1
-1.1197798725577965, 1.0476201092408872, 1, -2.0, -1.1355932203389831, 1, -1, -1
1.0562551187551188, -1.0121455861652926, 0, 3, 1.2, 0, 0, 1
1.1838331160365059, 1.0836765662258834, -1.0, 9.0, 1.0425531914893618, 0, 2, 1
-1.283384096458328, -1.2925167047750128, -1, -1.2, -1.6842105263157894, -1, -1, -1
-1.0063153788008095, -1.067700327474437, -1.0, 2.5, 1.6730769230769231, 0, 0, -1
1.1568686488520887, 1.1676439405413592, 1, 2.5, -1.0350877192982457, 1, 0, 1
-1.0466106066859266, 1.0514083648335568, 1, 1.5, 1.1403508771929824, 0, 0, 1
-1.1971589857486582, -1.2042035529091661, 1, -1.6666666666666667, 1.018181818181818, -1, 0, 1
1.030264710841342, -1.066769609663611, -1.0, 2.5, 1.180327868852459, -1, 0, 1
-1.0600096946194861, -1.0154881741550046, -1.0, -1.5, -1.0188679245283019, 0, 0, -1
-1.0530897917377944, 1.0060876921945119, 1, -1.3333333333333333, 1.0735294117647058, 1, 0, -1
1.1068272718816854, 1.028062863931138, 2, 7.0, 2.9827586206896552, 0, 1, 1
1.069042941341566, 1.0110978316544306, -1.0, 6.0, 1.0125, 0, 0, 1
-1.0109737248840804, -1.0131420061181775, -1, 1.3333333333333333, -1.25, 0, 0, 1
1.5339592025961983, 1.5222171323866238, 1, 6, 1.3421052631578947, 0, 1, 1
-1.6572076762868193, -1.3731027801426767, -1, -8.0, -2.8620689655172415, 0, -1.0, -1
-1.20342596117244, -1.2032504276878537, -1, -2.5, -1.2033898305084745, -1, -1, -1
-1.421451914098973, -1.2890038105606967, 0, -1.3333333333333333, 1.2142857142857142, 0, -1, -1
-1.1055462640690683, 1.0284192181249256, -2, -1.6666666666666667, -1.203125, 0, -2, -1
-1.193199539818484, -1.164747661902241, -2, 2.5, 1.489795918367347, 0, 0, -1
1.0201860179885527, -1.032725179346382, -1.0, 4.0, -1.206896551724138, 0, 0, -1
-1.0063153788008095, -1.067700327474437, -1.0, 2.5, 1.6730769230769231, 0, 0, -1
-1.453898749913668, -1.2452483320978502, -1, -5.0, -1.75, 0, 0, -1
-1.1942057389818583, -1.2339654279584742, -1.0, -1.25, 1.11864406779661, -1, 1, -1
1.1147494773437316, 1.063105464215614, 3, 3.0, 3.183333333333333, 0, 0, -1
-1.3325276717295174, -1.0664141945437968, -1.0, -7, 1.0588235294117647, 0, 0, -1
1.2757543951718708, 1.138470841171728, -1.0, 6, 1.3, 0, 0, 1
1.3180306223497449, 1.1864395560752818, 2.0, 7.0, 1.2352941176470589, 0, 2, 1
1.2013044413120864, 1.2289891704617262, 1, 5, 1.037593984962406, 1, 0, 1
-1.0362349226708765, -1.0555925097256658, -1, 1.5, 1.0833333333333333, 0, 0, -1
1.3301096921201845, 1.2764576817142057, 1, 3.0, 1.92, 0, 0, 1
-1.2060719265475783, -1.1978195221600498, -2, -1.5, 1.2295081967213115, -1, 0, -1
1.1233526369724267, 1.1032933170700392, -1, 3.0, -1.16, 0, 1, 1
-1.1444308445532436, -1.0432610124917818, -1, -1.0, -1.280701754385965, 0, 0, -1
1.039154121620475, 1.0283773833514185, 0, -1.0, 112, 0, -1.0, 1
-1.0760376464215586, -1.0051643783851871, -2, -1.6666666666666667, -1.5593220338983051, 0, 0, -1
-1.534372107374267, -1.4440674800796813, 0, -2.0, -1.3617021276595744, 0, -1, -1
1.1157945313182493, 1.1509196271101032, -2, 1.5, -1.4489795918367347, 1, 1, 1
1.0078083366157695, 1.0405633309240643, -2, 6.0, -1.3859649122807018, 0, 0, 1
-1.0063153788008095, -1.067700327474437, -1.0, 2.5, 1.6730769230769231, 0, 0, -1
-1.0628377409019176, -1.0929099359171222, 0, 1.5, -1.4625, 0, 0, -1
-1.1928230812265233, -1.0468127080678968, -1, -4.0, 1.1896551724137931, 0, 0, -1
1.0441571007608743, 1.0776685076067094, -1, 4.0, -1.267605633802817, 0, 0, 1
1.4427710843373494, 1.193992146269478, 0, 9.0, 1.7428571428571429, 0, 1, 1
1.4593614239318402, 1.2466871659711545, 0, 7, -2.0294117647058822, 0, 1, 1
1.1082409097290467, 1.1562042223179665, -1.0, 1.6666666666666667, 3.8541666666666665, 0, 0, 1
1.151651178026351, 1.1704581933357587, 2, 5, 1.0238095238095237, 1, 0, 1
1.1174376390678065, -1.0022454789686837, 2, 6.0, 1.4310344827586208, 0, 0, -1
1.087350084363172, 1.1678782612381577, 1, 3.0, 1.2982456140350878, 1, 0, 1
-1.112859757957897, -1.1247139842274798, -1.0, 1.5, -1.4727272727272727, 0, 0, 1
1.3060066776880936, 1.2603825456247075, 1, 7.0, -1.2325581395348837, 0, 1, 1
-1.2060719265475783, -1.1978195221600498, -2, -1.5, 1.2295081967213115, -1, 0, -1
1.1233526369724267, 1.1032933170700392, -1, 3.0, -1.16, 0, 1, 1
-1.1444308445532436, -1.0432610124917818, -1, -1.0, -1.280701754385965, 0, 0, -1
1.0460711230600024, 1.0203478005496003, 2, 2.0, 1.3673469387755102, 0, 0, 1
-1.112859757957897, -1.1247139842274798, -1.0, 1.5, -1.4727272727272727, 0, 0, 1
1.3060066776880936, 1.2603825456247075, 1, 7.0, -1.2325581395348837, 0, 1, 1
-1.2060719265475783, -1.1978195221600498, -2, -1.5, 1.2295081967213115, -1, 0, -1
1.1233526369724267, 1.1032933170700392, -1, 3.0, -1.16, 0, 1, 1
-1.1444308445532436, -1.0432610124917818, -1, -1.0, -1.280701754385965, 0, 0, -1
-1.28678082762066, -1.1360757189661448, -1, -3.5, -1.238938053097345, 1, -1, -1
-1.2669159544159545, -1.1785590618435329, -1, -2.6666666666666665, 1.3859649122807018, 0, -2, -1
-1.0625427204374573, -1.044474785683909, -1.0, -1.5, -1.392156862745098, 0, 0, -1
-1.3090375899760065, -1.2090045900459006, -2, -1.3333333333333333, -1.0704225352112675, 0, 0, -1
1.1579143716122802, 1.1751090795761479, 2, 2.6666666666666665, -1.7173913043478262, 1, 1, 1
1.0684346638040403, -1.0412543374887546, 1, 3.0, 1.0545454545454545, 0, 0, -1
-1.2374596966013003, -1.0764206401045069, -1, -5.0, -1.5740740740740742, 0, 0, -1
1.2882802582178645, 1.2362011067492786, 1, 4.0, 1.1176470588235294, 1, 0, 1
-1.3217608288806315, -1.179601372563335, -2, -5.0, -1.5, 0, -1, -1
-1.3080553247061617, -1.2538797930777026, 0, -2.0, -1.2, 0, -2, -1
-1.353034477001419, -1.3400554451559088, -1, -1.6666666666666667, -1.0, -1, 0, -1
-1.534372107374267, -1.4440674800796813, 0, -2.0, -1.3617021276595744, 0, -1, -1
1.1157945313182493, 1.1509196271101032, -2, 1.5, -1.4489795918367347, 1, 1, 1
1.3649896706768745, 1.2206120092378754, 1, 5.0, 1.1886792452830188, 0, 0, 1
-1.108936678614098, -1.085842254752021, -1, 1.6666666666666667, -1.0545454545454545, 0, 0, -1
-1.0063153788008095, -1.067700327474437, -1.0, 2.5, 1.6730769230769231, 0, 0, -1
1.3649896706768745, 1.2206120092378754, 1, 5.0, 1.1886792452830188, 0, 0, 1
-1.3088959259160702, -1.1510116211019146, -1, -1.6666666666666667, 2.9682539682539684, 0, -1, -1
1.162255410524284, 1.1271919093059293, 2, 2.5, 1.0422535211267605, 1, 0, 1
1.6035047047593072, 1.3403173711557366, 0, 10, 1.1547619047619047, 0, 2, 1
-1.1197798725577965, 1.0476201092408872, 1, -2.0, -1.1355932203389831, 1, -1, -1
1.0562551187551188, -1.0121455861652926, 0, 3, 1.2, 0, 0, 1
1.1838331160365059, 1.0836765662258834, -1.0, 9.0, 1.0425531914893618, 0, 2, 1
-1.283384096458328, -1.2925167047750128, -1, -1.2, -1.6842105263157894, -1, -1, -1
1.67222884386174, 1.4474562306900103, 1, 9, 1.2424242424242424, 0, 1, 1
-1.5175787020319733, -1.1959952297750784, -1, -4.5, -1.1025641025641026, 0, -2.0, -1
1.475441981087321, 1.2998593828765488, 0, 9, 1.0681818181818181, 0, 2, 1
1.3649896706768745, 1.2206120092378754, 1, 5.0, 1.1886792452830188, 0, 0, 1
-1.5383403075919786, -1.430335184450615, 0, -6.0, -1.263157894736842, 0, -1, -1
1.2300427779985508, 1.1483330005989218, 1, 3.5, 1.0923076923076922, 0, 1, 1
-1.2013401636359222, -1.147933428854844, -1, -2.3333333333333335, 2.3472222222222223, 0, -2, -1
-1.3780301930614023, -1.3974259793234405, 0, -3.5, 1.4137931034482758, 0, -2, -1
1.0239055494220761, -1.0385147789267974, -1.0, 2.5, -1.0, 0, 1, 1
1.2068514241724404, 1.0654022236756049, 2, 6, -1.0655737704918034, 0, 0, 1
1.67222884386174, 1.4474562306900103, 1, 9, 1.2424242424242424, 0, 1, 1
-1.108046759732153, -1.1556548949485919, 0, -3.0, 8.0, 0, -1, -1
1.475441981087321, 1.2998593828765488, 0, 9, 1.0681818181818181, 0, 2, 1
1.3649896706768745, 1.2206120092378754, 1, 5.0, 1.1886792452830188, 0, 0, 1
-1.5383403075919786, -1.430335184450615, 0, -6.0, -1.263157894736842, 0, -1, -1
-1.294376055998069, -1.2496438519274522, -1, -1.0, 1.0142857142857142, -1, 0, -1
1.2300427779985508, 1.1483330005989218, 1, 3.5, 1.0923076923076922, 0, 1, 1
-1.2598768404247231, -1.142503733089661, 1, -3.0, 1.0740740740740742, 0, -1, -1
-1.1888523282480805, -1.203587864706671, 1, -1.0, 3.7735849056603774, 0, 0, -1
1.5879357381024553, 1.4119295220647665, 1, 6, -1.1363636363636365, 0, 1, 1
-1.1670636726172952, -1.2186135686401331, -2, 5, -1.0535714285714286, -1, 0, -1
-1.055464466875032, -1.0406027248939818, -1.0, 4.0, -1.175, 0, 0, -1
-1.0280286587785012, -1.005815608605474, -1.0, 1.6666666666666667, 1.0461538461538462, 0, 0, -1
-1.454705689457288, -1.3067766960754488, 0, -6.0, -1.6785714285714286, 0, -1, -1
-1.1810667100099845, -1.11069563273518, -2, 1.3333333333333333, -1.1967213114754098, -1, -1, -1
-1.0275081307877554, -1.0405056878367798, 1, 1.3333333333333333, 1.338235294117647, 0, 0, 1
1.3834170570638369, 1.298483683111746, 0, 6, 1.4375, 0, 1, 1
1.5461176696420003, 1.3701990408691593, 1, 7, 1.4, 0, 1, 1
-1.2411531735418166, -1.1414489678645625, -1, -5.0, 3.702127659574468, 0, 0, -1
-1.0833272171253823, 1.018628357502086, -2, -2.0, 1.044776119402985, 0, 0, -1
-1.049220762212424, -1.0183026433026432, 0, 1.3333333333333333, -1.2093023255813953, 0, 0, -1
1.044948037628733, 1.056772887361073, -2, 1.25, 1.271186440677966, 0, 0, -1
-1.0196200838312672, -1.0543055970627162, 0, 1.3333333333333333, 1.0338983050847457, 0, 0, 1
-1.534372107374267, -1.4440674800796813, 0, -2.0, -1.3617021276595744, 0, -1, -1
-1.1138913265185115, -1.075227268105184, -1, -1.0, 1.3695652173913044, 0, 0, -1
-1.066717666968032, -1.1000121472243591, -1.0, 1.5, -1.2741935483870968, 0, 0, -1
1.3649896706768745, 1.2206120092378754, 1, 5.0, 1.1886792452830188, 0, 0, 1
-1.5383403075919786, -1.430335184450615, 0, -6.0, -1.263157894736842, 0, -1, -1
1.7088630584816564, 1.6339121435142594, 0, 6, -1.7666666666666666, 0, 1, 1
1.3166104930354638, 1.2854437371771266, 0, 2.5, 1.3170731707317074, 0, 0, 1
1.1007974084226264, 1.1199214673576596, 0, 5, -5, 0, 2, 1
-1.22554880786408, -1.2067148607920417, -2, -7.0, -1.1538461538461537, 0, 0, -1
-1.253200826019618, -1.099135335111417, 2, -6.0, 1.2166666666666666, -1, 0, -1
1.0603361303181673, 1.0354083977438897, -1, -1.0, 1.3181818181818181, 0, 0, -1
1.3649896706768745, 1.2206120092378754, 1, 5.0, 1.1886792452830188, 0, 0, 1
1.3531123636809215, 1.2152505331893941, -1, 6.0, 1.0384615384615385, 0, 0, 1
1.0239055494220761, -1.0385147789267974, -1.0, 2.5, -1.0, 0, 1, 1
1.2068514241724404, 1.0654022236756049, 2, 6, -1.0655737704918034, 0, 0, 1
1.2612240553485896, -1.0263698202138865, 1, 11.0, 1.8529411764705883, -1, 3, 1
1.0859965553535547, 1.0279589739287287, -1, 1.6666666666666667, 1.5319148936170213, 0, 0, 1
1.632761545711593, 1.6967299208738884, 1, 10, 1.5384615384615385, 0, 2, 1
-1.2493703418144435, -1.1754351821818576, -1, 2.0, 1.0819672131147542, 0, 0, -1
-1.1810667100099845, -1.11069563273518, -2, 1.3333333333333333, -1.1967213114754098, -1, -1, -1
-1.4951286467865217, -1.3150434599254972, -1, -9.0, -1.3137254901960784, 0, -1, -1
1.475441981087321, 1.2998593828765488, 0, 9, 1.0681818181818181, 0, 2, 1
1.3649896706768745, 1.2206120092378754, 1, 5.0, 1.1886792452830188, 0, 0, 1
-1.139983589262689, -1.2116343734828088, -1, 1.3333333333333333, 1.1428571428571428, -1, 0, -1
1.160884103682975, 1.2109304709894755, -1, 1.5, -1.3609022556390977, 0, 0, 1
-1.1733178286378774, -1.2383130423084685, -2, -2.0, -1.1139240506329113, -1, 0, 1
-1.546595208070618, -1.4069405706929843, 1, -5, -1.2083333333333333, 0, 1, -1
1.0249307479224377, 1.0847399308011394, 0, 2.0, -1.6923076923076923, 0, 2, 1
-1.1810667100099845, -1.11069563273518, -2, 1.3333333333333333, -1.1967213114754098, -1, -1, -1
-1.0275081307877554, -1.0405056878367798, 1, 1.3333333333333333, 1.338235294117647, 0, 0, 1
-1.1021881499561683, -1.1431315669476974, 0, -4.0, -39, 0, -2, -1
-1.020806345855523, 1.086658039795644, 0, -2.0, -24, 0, 1, -1
1.475441981087321, 1.2998593828765488, 0, 9, 1.0681818181818181, 0, 2, 1
1.3649896706768745, 1.2206120092378754, 1, 5.0, 1.1886792452830188, 0, 0, 1
-1.294376055998069, -1.2496438519274522, -1, -1.0, 1.0142857142857142, -1, 0, -1
1.0515562117495774, -1.0443456503284037, 1, 1.6666666666666667, -1.4313725490196079, 0, 1, -1
-1.5369355138450103, -1.2175515374870436, 0, -7.0, -1.4, 0, -1, -1
1.1147494773437316, 1.063105464215614, 3, 3.0, 3.183333333333333, 0, 0, -1
-1.3325276717295174, -1.0664141945437968, -1.0, -7, 1.0588235294117647, 0, 0, -1
1.2757543951718708, 1.138470841171728, -1.0, 6, 1.3, 0, 0, 1
1.3180306223497449, 1.1864395560752818, 2.0, 7.0, 1.2352941176470589, 0, 2, 1
1.2013044413120864, 1.2289891704617262, 1, 5, 1.037593984962406, 1, 0, 1
1.0460711230600024, 1.0203478005496003, 2, 2.0, 1.3673469387755102, 0, 0, 1
-1.3147712890978123, -1.2508874530735246, -1, -6, -1.3125, 0, 0, -1
1.006357516828721, -1.027808494081992, -1.0, -1.25, -1.1111111111111112, 0, 0, -1
-1.1230823779695072, 1.0075262679435952, -1, -2.3333333333333335, -1.0476190476190477, -1, -1, -1
-1.4214988578457213, -1.301203339882122, 0, -3.0, 2.357142857142857, 0, -1, -1
-1.108936678614098, -1.085842254752021, -1, 1.6666666666666667, -1.0545454545454545, 0, 0, -1
-1.0063153788008095, -1.067700327474437, -1.0, 2.5, 1.6730769230769231, 0, 0, -1
1.3649896706768745, 1.2206120092378754, 1, 5.0, 1.1886792452830188, 0, 0, 1
-1.3088959259160702, -1.1510116211019146, -1, -1.6666666666666667, 2.9682539682539684, 0, -1, -1
1.162255410524284, 1.1271919093059293, 2, 2.5, 1.0422535211267605, 1, 0, 1
1.6035047047593072, 1.3403173711557366, 0, 10, 1.1547619047619047, 0, 2, 1
-1.1197798725577965, 1.0476201092408872, 1, -2.0, -1.1355932203389831, 1, -1, -1
1.0562551187551188, -1.0121455861652926, 0, 3, 1.2, 0, 0, 1
1.1838331160365059, 1.0836765662258834, -1.0, 9.0, 1.0425531914893618, 0, 2, 1
-1.283384096458328, -1.2925167047750128, -1, -1.2, -1.6842105263157894, -1, -1, -1
1.67222884386174, 1.4474562306900103, 1, 9, 1.2424242424242424, 0, 1, 1
-1.055464466875032, -1.0406027248939818, -1.0, 4.0, -1.175, 0, 0, -1
-1.0280286587785012, -1.005815608605474, -1.0, 1.6666666666666667, 1.0461538461538462, 0, 0, -1
1.087350084363172, 1.1678782612381577, 1, 3.0, 1.2982456140350878, 1, 0, 1
1.1690182978511243, 1.0472385959867732, -1, 7, -1.044776119402985, 0, 0, 1
1.5461176696420003, 1.3701990408691593, 1, 7, 1.4, 0, 1, 1
-1.253200826019618, -1.099135335111417, 2, -6.0, 1.2166666666666666, -1, 0, -1
-1.1945202518306357, -1.1648693334649458, 0, -2.0, -1.0677966101694916, 0, 0, -1
1.360843326279489, 1.3284442240015115, 1, 9.0, 1.148936170212766, 0, 1, 1
-1.294376055998069, -1.2496438519274522, -1, -1.0, 1.0142857142857142, -1, 0, -1
-1.3996553785561066, -1.3417809882238678, -1, 2.5, -1.15, 0, -1, -1
-1.1670636726172952, -1.2186135686401331, -2, 5, -1.0535714285714286, -1, 0, -1
1.1690182978511243, 1.0472385959867732, -1, 7, -1.044776119402985, 0, 0, 1
-1.2411531735418166, -1.1414489678645625, -1, -5.0, 3.702127659574468, 0, 0, -1
-1.107597695026875, -1.0847092751680578, -1, 5.0, 1.3666666666666667, 0, 0, -1
-1.1984220633488352, -1.102690873723456, -1, -5.0, 1.6796116504854368, 0, 0, -1
-1.5369355138450103, -1.2175515374870436, 0, -7.0, -1.4, 0, -1, -1
-1.553002223869533, -1.4304021384488383, -1, -7.0, 1.096774193548387, 0, -1, -1
-1.0364690013488536, -1.0764211674849973, -1, 2.0, -1.2777777777777777, 0, 0, -1
-1.5189390099678999, -1.3279025945789245, -2, -5.0, -1.1521739130434783, 0, -1, -1
-1.107597695026875, -1.0847092751680578, -1, 5.0, 1.3666666666666667, 0, 0, -1
-1.3088959259160702, -1.1510116211019146, -1, -1.6666666666666667, 2.9682539682539684, 0, -1, -1
1.0151803516403843, 1.0267682487388037, -1, 5.0, 1.4395604395604396, 0, 0, 1
-1.0064991846477442, -1.0466054969519172, -3, 2.5, 1.0666666666666667, 0, 0, -1
-1.6232913284920973, -1.345873786407767, 0, -7, -1.7894736842105263, 0, -1, -1
1.0138733218760119, 1.065567740303929, 2, 2.0, -1.1129032258064515, 0, 0, 1
-1.000716685330347, 1.0034545260688772, -1, 2.0, 1.2181818181818183, 0, 0, 1
1.5965512474946437, 1.29736175286928, 1, 11, 1.0217391304347827, 0, 2, 1
1.100214690998313, 1.0845031360669029, -1, 2.5, 1.0869565217391304, 0, 0, 1
1.1056498858107437, 1.0524663583282758, -1, 7.0, -1.140625, 0, 1, 1
-1.3088959259160702, -1.1510116211019146, -1, -1.6666666666666667, 2.9682539682539684, 0, -1, -1
1.2390159951407167, 1.115284402049108, -1, 5, 1.1690140845070423, 0, 1, 1
1.306260448636375, 1.2618956642916546, 1, 6.0, 2.036144578313253, 1, 1, 1
1.1000178007209291, 1.082673089939085, 2, 2.0, 1.3, 0, 1, 1
1.4187781977807585, 1.3266647922659343, 0, 12, -1.14, 1, 3, 1
-1.1389805283393277, -1.0626415733429304, 1, 1.6666666666666667, 1.153225806451613, 0, -1, -1
1.0847138110611023, -1.0069810928734677, 1, 6.0, 1.1923076923076923, 0, 0, 1
-1.0699076779245063, -1.1581829968926742, -1, 2.0, -1.1896551724137931, -1, 0, -1
1.088193198082559, 1.0445212319737947, -2, 1.3333333333333333, 3.161290322580645, 1, 0, 1
1.3465416305290547, 1.2862736171181426, 1, 6.0, -1.1323529411764706, 0, 0, 1
1.0946010511227902, 1.10110427001022, -1.0, 2.5, 1.196078431372549, 0, 0, -1
-1.3088959259160702, -1.1510116211019146, -1, -1.6666666666666667, 2.9682539682539684, 0, -1, -1
-1.0058773937131158, -1.0414382721099567, 1, 3.0, 4.315789473684211, 0, 0, 1
1.0499212330225232, 1.07351137487636, 1, -1.0, 1.6808510638297873, 0, 0, 1
-1.3521201366634001, -1.1569568809592925, 0, -7.0, -1.0260869565217392, 0, -1, -1
1.2411164266161836, 1.1510789776244803, 1, 3.0, -1.26, 0, 0, -1
1.2937867129974352, 1.2193900773782431, 2, 4.0, -1.196078431372549, 0, 0, 1
1.1851463337878947, 1.1510490410606256, 2, 3.0, -1.0803571428571428, 0, 0, -1
1.0088837650888376, -1.0241595803862353, -1, -1.5, 1.5227272727272727, 0, 0, -1
-1.3133954909397387, -1.2314762411427795, -1.0, -4, 2.761904761904762, 0, 0, -1
-1.108936678614098, -1.085842254752021, -1, 1.6666666666666667, -1.0545454545454545, 0, 0, -1
1.1191285228862682, 1.159834214511544, 1, 1.6666666666666667, 1.06, 0, 0, 1
-1.055464466875032, -1.0406027248939818, -1.0, 4.0, -1.175, 0, 0, -1
1.1157945313182493, 1.1509196271101032, -2, 1.5, -1.4489795918367347, 1, 1, 1
1.0078083366157695, 1.0405633309240643, -2, 6.0, -1.3859649122807018, 0, 0, 1
1.447729769315269, 1.2435498988703073, 0, 6, 1.0517241379310345, 0, 0, 1
1.5879357381024553, 1.4119295220647665, 1, 6, -1.1363636363636365, 0, 1, 1
1.0179735290846401, -1.0050781638952504, -2, 5.0, -1.0634920634920635, 0, 0, 1
-1.3088959259160702, -1.1510116211019146, -1, -1.6666666666666667, 2.9682539682539684, 0, -1, -1
1.0151803516403843, 1.0267682487388037, -1, 5.0, 1.4395604395604396, 0, 0, 1
1.008822718500138, -1.0866699327484077, -1.0, 1.5, 1.0625, 0, 0, -1
-1.316321743210134, -1.276679395349888, -2, -1.25, -1.0775862068965518, -1, 0, -1
-1.121202510137967, -1.1356151711378353, -1, -1.6666666666666667, 1.1320754716981132, -1, 0, -1
1.087350084363172, 1.1678782612381577, 1, 3.0, 1.2982456140350878, 1, 0, 1
-1.2528836932009642, -1.1287541965338899, 1, -1.25, -1.1153846153846154, 0, 0, -1
1.0684346638040403, -1.0412543374887546, 1, 3.0, 1.0545454545454545, 0, 0, -1
1.0710036086998926, -1.0319203955398333, -1.0, 3.5, -1.1724137931034482, 0, 1, 1
-1.0625427204374573, -1.044474785683909, -1.0, -1.5, -1.392156862745098, 0, 0, -1
-1.3090375899760065, -1.2090045900459006, -2, -1.3333333333333333, -1.0704225352112675, 0, 0, -1
-1.0760376464215586, -1.0051643783851871, -2, -1.6666666666666667, -1.5593220338983051, 0, 0, -1
1.1082409097290467, 1.1562042223179665, -1.0, 1.6666666666666667, 3.8541666666666665, 0, 0, 1
1.151651178026351, 1.1704581933357587, 2, 5, 1.0238095238095237, 1, 0, 1
-1.112859757957897, -1.1247139842274798, -1.0, 1.5, -1.4727272727272727, 0, 0, 1
1.3060066776880936, 1.2603825456247075, 1, 7.0, -1.2325581395348837, 0, 1, 1
-1.1810667100099845, -1.11069563273518, -2, 1.3333333333333333, -1.1967213114754098, -1, -1, -1
-1.4951286467865217, -1.3150434599254972, -1, -9.0, -1.3137254901960784, 0, -1, -1
-1.2904034145669834, -1.18129827519424, -2, -1.0, -1.6111111111111112, 0, 0, -1
-1.3090375899760065, -1.2090045900459006, -2, -1.3333333333333333, -1.0704225352112675, 0, 0, -1
1.1382338670548278, 1.1499416307471264, -1, 6.0, -1.3333333333333333, 1, 1, 1
-1.2568133101969992, -1.175243578387954, -2, -1.3333333333333333, 1.1481481481481481, 0, -1, -1
1.1147494773437316, 1.063105464215614, 3, 3.0, 3.183333333333333, 0, 0, -1
-1.3325276717295174, -1.0664141945437968, -1.0, -7, 1.0588235294117647, 0, 0, -1
1.2757543951718708, 1.138470841171728, -1.0, 6, 1.3, 0, 0, 1
1.3180306223497449, 1.1864395560752818, 2.0, 7.0, 1.2352941176470589, 0, 2, 1
1.2013044413120864, 1.2289891704617262, 1, 5, 1.037593984962406, 1, 0, 1
1.0460711230600024, 1.0203478005496003, 2, 2.0, 1.3673469387755102, 0, 0, 1
-1.3147712890978123, -1.2508874530735246, -1, -6, -1.3125, 0, 0, -1
1.006357516828721, -1.027808494081992, -1.0, -1.25, -1.1111111111111112, 0, 0, -1
-1.1230823779695072, 1.0075262679435952, -1, -2.3333333333333335, -1.0476190476190477, -1, -1, -1
-1.4214988578457213, -1.301203339882122, 0, -3.0, 2.357142857142857, 0, -1, -1
-1.4951286467865217, -1.3150434599254972, -1, -9.0, -1.3137254901960784, 0, -1, -1
1.0809244067182526, 1.0581047937569676, 1, 1.5, -1.0793650793650793, 0, 0, 1
-1.0581140097511381, -1.1704567583356773, -1.0, 1.6, -1.0420168067226891, -1, -1, -1
1.3397247913376946, 1.1223970504232228, 1, 7, -1.3181818181818181, 0, 1, 1
-1.2998194728607535, -1.1554516446246161, 0, -1.3333333333333333, -1.8043478260869565, 0, -1, -1
1.162255410524284, 1.1271919093059293, 2, 2.5, 1.0422535211267605, 1, 0, 1
-1.047279655634747, -1.1061886177467084, 1, -1.0, 1.3108108108108107, 0, 0, -1
1.078366118848442, 1.0816524515946482, -1.0, 2.0, 2.7142857142857144, 1, 1, -1
-1.1733178286378774, -1.2383130423084685, -2, -2.0, -1.1139240506329113, -1, 0, 1
-1.546595208070618, -1.4069405706929843, 1, -5, -1.2083333333333333, 0, 1, -1
-1.108936678614098, -1.085842254752021, -1, 1.6666666666666667, -1.0545454545454545, 0, 0, -1
-1.0063153788008095, -1.067700327474437, -1.0, 2.5, 1.6730769230769231, 0, 0, -1
1.3649896706768745, 1.2206120092378754, 1, 5.0, 1.1886792452830188, 0, 0, 1
-1.3088959259160702, -1.1510116211019146, -1, -1.6666666666666667, 2.9682539682539684, 0, -1, -1
1.162255410524284, 1.1271919093059293, 2, 2.5, 1.0422535211267605, 1, 0, 1
1.6035047047593072, 1.3403173711557366, 0, 10, 1.1547619047619047, 0, 2, 1
-1.1197798725577965, 1.0476201092408872, 1, -2.0, -1.1355932203389831, 1, -1, -1
1.0562551187551188, -1.0121455861652926, 0, 3, 1.2, 0, 0, 1
1.1838331160365059, 1.0836765662258834, -1.0, 9.0, 1.0425531914893618, 0, 2, 1
-1.283384096458328, -1.2925167047750128, -1, -1.2, -1.6842105263157894, -1, -1, -1
-1.0804704139272154, 1.0408008835078535, -1.0, -1.0, 1.2615384615384615, 1, 0, 1
-1.3684176331091837, -1.2798259298793004, -1.0, -1.6666666666666667, 1.18, 0, 0, -1
1.3427919199426646, 1.3359039872483065, -2, 3.5, 1.1076923076923078, 1, 0, 1
1.162255410524284, 1.1271919093059293, 2, 2.5, 1.0422535211267605, 1, 0, 1
-1.249376220438273, -1.0795708629920613, -2, -2.0, 1.0526315789473684, 0, 0, -1
-1.0617568266202941, -1.086918471666965, -1.0, -1.3333333333333333, 1.5957446808510638, -1, 0, -1
-1.176150016101464, -1.074916138650764, -1, -5.0, 1.2, 0, -1, 1
-1.4850739524655843, -1.2740147783251232, -2, -3.0, 1.1041666666666667, 0, -2, -1
1.0047181402663783, 1.038846633148554, 2, -1.0, -1.4615384615384615, 0, 0, -1
1.2097236438075742, 1.230542614414908, 1, 4.0, 1.2448979591836735, 0, 0, 1
1.0004488330341113, 1.0182911858580899, -1, -1.3333333333333333, 1.2222222222222223, 0, 0, 1
1.292378726878572, 1.1229997138517753, 2, 7, -1.7647058823529411, 0, 0, 1
1.3427919199426646, 1.3359039872483065, -2, 3.5, 1.1076923076923078, 1, 0, 1
1.162255410524284, 1.1271919093059293, 2, 2.5, 1.0422535211267605, 1, 0, 1
-1.047279655634747, -1.1061886177467084, 1, -1.0, 1.3108108108108107, 0, 0, -1
-1.002791346824843, 1.0496409874397334, -1, 4.0, -1.0483870967741935, 1, 0, 1
1.1894432393347794, 1.1739509157030552, -1.0, 3.5, -1.7555555555555555, 1, 0, 1
-1.0647185514105666, -1.05629635981649, 0, 1.5, -1.2708333333333333, 0, 0, -1
-1.205822757811667, -1.195312675549963, -1.0, -1.0, -1.2, 0, 0, -1
-1.0984318736206296, -1.1692498060023908, 1, 3.0, -1.2372881355932204, -1, 1, -1
1.0709143783371473, -1.0124482150290393, 1, 1.5, 1.1041666666666667, 0, 0, 1
1.0004488330341113, 1.0182911858580899, -1, -1.3333333333333333, 1.2222222222222223, 0, 0, 1
-1.22554880786408, -1.2067148607920417, -2, -7.0, -1.1538461538461537, 0, 0, -1
-1.253200826019618, -1.099135335111417, 2, -6.0, 1.2166666666666666, -1, 0, -1
-1.1945202518306357, -1.1648693334649458, 0, -2.0, -1.0677966101694916, 0, 0, -1
-1.0196200838312672, -1.0543055970627162, 0, 1.3333333333333333, 1.0338983050847457, 0, 0, 1
-1.1358672564160233, -1.1658990976722863, 1, -2.0, 1.1228070175438596, -1, 0, -1
-1.1734636080430474, -1.117947728807021, 0, -1.0, 3.3214285714285716, 0, 0, -1
1.340213453917779, 1.221707190894982, 1, 6.0, 1.1785714285714286, 0, 0, 1
1.0792407496395964, 1.1404266124936515, -1, -1.0, 2.9047619047619047, 1, 0, 1
1.3006205350159046, 1.179831970628646, 2, 7.0, 2.4130434782608696, 0, 1, 1
-1.2598768404247231, -1.142503733089661, 1, -3.0, 1.0740740740740742, 0, -1, -1
-1.553002223869533, -1.4304021384488383, -1, -7.0, 1.096774193548387, 0, -1, -1
1.5879357381024553, 1.4119295220647665, 1, 6, -1.1363636363636365, 0, 1, 1
1.0689167242848643, 1.0742844808979064, 0, 1.5, 0, 0, -3.0, -1
1.162255410524284, 1.1271919093059293, 2, 2.5, 1.0422535211267605, 1, 0, 1
-1.047279655634747, -1.1061886177467084, 1, -1.0, 1.3108108108108107, 0, 0, -1
1.0089318487703414, -1.0192212469052442, 2, 2.0, -1.2207792207792207, 0, 0, 1
1.1670003135476712, 1.2070750647109578, -1.0, 6, -1.1142857142857143, 0, 0, 1
1.206158526989456, 1.125557438458794, 1, 6.0, 1.3962264150943395, 0, 0, -1
-1.2493703418144435, -1.1754351821818576, -1, 2.0, 1.0819672131147542, 0, 0, -1
1.030552155739787, 1.016866838626471, 1, -2.0, -1.087719298245614, 0, 0, 1
-1.3217608288806315, -1.179601372563335, -2, -5.0, -1.5, 0, -1, -1
-1.3080553247061617, -1.2538797930777026, 0, -2.0, -1.2, 0, -2, -1
-1.0760376464215586, -1.0051643783851871, -2, -1.6666666666666667, -1.5593220338983051, 0, 0, -1
1.340213453917779, 1.221707190894982, 1, 6.0, 1.1785714285714286, 0, 0, 1
1.0792407496395964, 1.1404266124936515, -1, -1.0, 2.9047619047619047, 1, 0, 1
-1.011101736311559, -1.0866835687552818, -1, 2.5, 1.0175438596491229, -1, 0, 1
1.0809244067182526, 1.0581047937569676, 1, 1.5, -1.0793650793650793, 0, 0, 1
-1.0581140097511381, -1.1704567583356773, -1.0, 1.6, -1.0420168067226891, -1, -1, -1
-1.108936678614098, -1.085842254752021, -1, 1.6666666666666667, -1.0545454545454545, 0, 0, -1
-1.0063153788008095, -1.067700327474437, -1.0, 2.5, 1.6730769230769231, 0, 0, -1
1.3649896706768745, 1.2206120092378754, 1, 5.0, 1.1886792452830188, 0, 0, 1
-1.3088959259160702, -1.1510116211019146, -1, -1.6666666666666667, 2.9682539682539684, 0, -1, -1
1.162255410524284, 1.1271919093059293, 2, 2.5, 1.0422535211267605, 1, 0, 1
1.6035047047593072, 1.3403173711557366, 0, 10, 1.1547619047619047, 0, 2, 1
-1.1197798725577965, 1.0476201092408872, 1, -2.0, -1.1355932203389831, 1, -1, -1
1.0562551187551188, -1.0121455861652926, 0, 3, 1.2, 0, 0, 1
1.1838331160365059, 1.0836765662258834, -1.0, 9.0, 1.0425531914893618, 0, 2, 1
-1.283384096458328, -1.2925167047750128, -1, -1.2, -1.6842105263157894, -1, -1, -1
-1.0280286587785012, -1.005815608605474, -1.0, 1.6666666666666667, 1.0461538461538462, 0, 0, -1
1.087350084363172, 1.1678782612381577, 1, 3.0, 1.2982456140350878, 1, 0, 1
-1.2528836932009642, -1.1287541965338899, 1, -1.25, -1.1153846153846154, 0, 0, -1
1.1030362592458491, 1.057098310227129, -1, 1.5, 2.9344262295081966, 0, 0, 1
1.2764824120603016, 1.196528579368133, 1, 6.0, -1.1076923076923078, 0, 0, 1
1.292378726878572, 1.1229997138517753, 2, 7, -1.7647058823529411, 0, 0, 1
1.3166104930354638, 1.2854437371771266, 0, 2.5, 1.3170731707317074, 0, 0, 1
1.272233451237999, 1.1884640752324418, 1, 6.0, -1.0350877192982457, 1, 0, 1
1.3397247913376946, 1.1223970504232228, 1, 7, -1.3181818181818181, 0, 1, 1
-1.2998194728607535, -1.1554516446246161, 0, -1.3333333333333333, -1.8043478260869565, 0, -1, -1
1.0684346638040403, -1.0412543374887546, 1, 3.0, 1.0545454545454545, 0, 0, -1
1.632761545711593, 1.6967299208738884, 1, 10, 1.5384615384615385, 0, 2, 1
-1.049220762212424, -1.0183026433026432, 0, 1.3333333333333333, -1.2093023255813953, 0, 0, -1
1.030552155739787, 1.016866838626471, 1, -2.0, -1.087719298245614, 0, 0, 1
1.1030362592458491, 1.057098310227129, -1, 1.5, 2.9344262295081966, 0, 0, 1
-1.1888523282480805, -1.203587864706671, 1, -1.0, 3.7735849056603774, 0, 0, -1
1.5879357381024553, 1.4119295220647665, 1, 6, -1.1363636363636365, 0, 1, 1
-1.0945110689748578, 1.0062699753679538, 1, 5.0, 1.3157894736842106, 0, 0, 1
1.0117119528844867, -1.0348536340464973, -2, -1.0, -1.2075471698113207, 0, 0, -1
1.4310554241513775, 1.2575537899437452, 0, 6, -1.6538461538461537, 0, 1, 1
-1.3996553785561066, -1.3417809882238678, -1, 2.5, -1.15, 0, -1, -1
-1.1670636726172952, -1.2186135686401331, -2, 5, -1.0535714285714286, -1, 0, -1
1.0994887036244112, 1.063991556819161, -1.0, 1.3333333333333333, -1.2459016393442623, 0, 0, 1
-1.112859757957897, -1.1247139842274798, -1.0, 1.5, -1.4727272727272727, 0, 0, 1
-1.0951083430647464, -1.0777226606538894, -1.0, -3.0, -1.4264705882352942, 0, 0, -1
1.0547706177447107, 1.0454653090220223, 1, 1.5, 1.4126984126984128, 0, 0, -1
-1.2904034145669834, -1.18129827519424, -2, -1.0, -1.6111111111111112, 0, 0, -1
-1.1375862702390638, -1.0366764244198379, -1, -1.0, 1.0196078431372548, 0, 0, -1
-1.12848219233288, -1.066157326390371, 2, 1.5, -1.1523809523809523, 0, 0, 1
-1.0179676449787836, 1.1611239784993226, -2, -1.5, -1.5416666666666667, 1, -1, 1
1.7088630584816564, 1.6339121435142594, 0, 6, -1.7666666666666666, 0, 1, 1
1.0199572013397842, 1.110593300035527, -1.0, 1.3333333333333333, 1.489795918367347, 0, 0, 1
1.4310554241513775, 1.2575537899437452, 0, 6, -1.6538461538461537, 0, 1, 1
1.6035047047593072, 1.3403173711557366, 0, 10, 1.1547619047619047, 0, 2, 1
-1.1197798725577965, 1.0476201092408872, 1, -2.0, -1.1355932203389831, 1, -1, -1
1.0403626400552424, 1.1532530219049761, -1.0, -1.3333333333333333, -1.1851851851851851, 1, 0, 1
1.4889459069979964, 1.2840374909877432, 1, 5, -1.135135135135135, 0, 0, 1
1.0830499071326918, 1.0555841828161756, -2, 2.5, -1.0, 0, 0, 1
-1.1533942236484818, -1.177656813431636, 0, -1.6666666666666667, -1.469387755102041, -1, 0, -1
1.447478600669892, 1.3042217209152434, 0, 6.0, 1.0740740740740742, 0, 1, 1
-1.0505951034077023, -1.0805029740569236, -1, 2.5, 1.703125, 0, 0, -1
-1.0275081307877554, -1.0405056878367798, 1, 1.3333333333333333, 1.338235294117647, 0, 0, 1
1.3834170570638369, 1.298483683111746, 0, 6, 1.4375, 0, 1, 1
1.2764824120603016, 1.196528579368133, 1, 6.0, -1.1076923076923078, 0, 0, 1
1.292378726878572, 1.1229997138517753, 2, 7, -1.7647058823529411, 0, 0, 1
-1.2411531735418166, -1.1414489678645625, -1, -5.0, 3.702127659574468, 0, 0, -1
1.0224451468095828, 1.1255875383599425, 0, -2.0, -1.0151515151515151, 1, 0, 1
-1.1763519280006207, -1.0834907597535934, -1.0, -5.0, -1.2769230769230768, 0, 0, -1
-1.2998194728607535, -1.1554516446246161, 0, -1.3333333333333333, -1.8043478260869565, 0, -1, -1
-1.139983589262689, -1.2116343734828088, -1, 1.3333333333333333, 1.1428571428571428, -1, 0, -1
1.0709143783371473, -1.0124482150290393, 1, 1.5, 1.1041666666666667, 0, 0, 1
1.0460711230600024, 1.0203478005496003, 2, 2.0, 1.3673469387755102, 0, 0, 1
-1.3147712890978123, -1.2508874530735246, -1, -6, -1.3125, 0, 0, -1
1.006357516828721, -1.027808494081992, -1.0, -1.25, -1.1111111111111112, 0, 0, -1
1.069164265129683, 1.058450982979285, 1, 3.0, 3.9583333333333335, 0, 0, 1
1.044948037628733, 1.056772887361073, -2, 1.25, 1.271186440677966, 0, 0, -1
-1.5818548000383619, -1.3133384361277847, 0, -1.3333333333333333, 3.769230769230769, 0, -1, -1
1.5323072040622026, 1.4119771123826454, 1, 10.0, 2.066666666666667, 0, 1, 1
1.7088630584816564, 1.6339121435142594, 0, 6, -1.7666666666666666, 0, 1, 1
-1.108164915117219, -1.1378064285873615, 0, -2.0, 1.037037037037037, 0, 0, -1
-1.5818548000383619, -1.3133384361277847, 0, -1.3333333333333333, 3.769230769230769, 0, -1, -1
1.5323072040622026, 1.4119771123826454, 1, 10.0, 2.066666666666667, 0, 1, 1
1.096889616968077, 1.170790438739893, 0, 2.0, 1.2222222222222223, 1, 0, 1
-1.1001653108278593, -1.1217428888980365, -2, 2.5, -1.1512605042016806, 0, 0, 1
1.2090775223256698, 1.1860527405098735, 2, 1.5, 1.278688524590164, 0, 1, 1
-1.353034477001419, -1.3400554451559088, -1, -1.6666666666666667, -1.0, -1, 0, -1
-1.3562659123055163, -1.231102834255976, -2, -3.3333333333333335, 1.125, 0, -2, -1
1.0603361303181673, 1.0354083977438897, -1, -1.0, 1.3181818181818181, 0, 0, -1
-1.0259347547786166, -1.0034032275771216, -2, 2.0, 1.2549019607843137, 1, 0, -1
1.4310554241513775, 1.2575537899437452, 0, 6, -1.6538461538461537, 0, 1, 1
1.0179735290846401, -1.0050781638952504, -2, 5.0, -1.0634920634920635, 0, 0, 1
1.0151803516403843, 1.0267682487388037, -1, 5.0, 1.4395604395604396, 0, 0, 1
1.160884103682975, 1.2109304709894755, -1, 1.5, -1.3609022556390977, 0, 0, 1
1.6035047047593072, 1.3403173711557366, 0, 10, 1.1547619047619047, 0, 2, 1
1.1791710388247638, 1.1507904594611755, 1, 7.0, -1.007462686567164, 0, 1, 1
-1.27422143161376, -1.2779535619561677, -1, -2.0, 1.1428571428571428, -1, -2, -1
-1.352971079981925, -1.285228764901259, -1, -1.3333333333333333, 1.0188679245283019, 0, -1, -1
1.0870231566847866, 1.0961844197138315, 1, -1.0, -1.024793388429752, 1, 0, 1
1.1351327075941977, 1.1243680485338725, 0, 3.0, 1.2452830188679245, 1, 0, 1
1.0859448646908698, 1.081738370641591, -1, 3.5, -1.1153846153846154, 0, 0, 1
-1.108936678614098, -1.085842254752021, -1, 1.6666666666666667, -1.0545454545454545, 0, 0, -1
-1.0063153788008095, -1.067700327474437, -1.0, 2.5, 1.6730769230769231, 0, 0, -1
1.3649896706768745, 1.2206120092378754, 1, 5.0, 1.1886792452830188, 0, 0, 1
-1.3088959259160702, -1.1510116211019146, -1, -1.6666666666666667, 2.9682539682539684, 0, -1, -1
1.162255410524284, 1.1271919093059293, 2, 2.5, 1.0422535211267605, 1, 0, 1
1.6035047047593072, 1.3403173711557366, 0, 10, 1.1547619047619047, 0, 2, 1
-1.1197798725577965, 1.0476201092408872, 1, -2.0, -1.1355932203389831, 1, -1, -1
1.0562551187551188, -1.0121455861652926, 0, 3, 1.2, 0, 0, 1
1.1838331160365059, 1.0836765662258834, -1.0, 9.0, 1.0425531914893618, 0, 2, 1
-1.283384096458328, -1.2925167047750128, -1, -1.2, -1.6842105263157894, -1, -1, -1
1.67222884386174, 1.4474562306900103, 1, 9, 1.2424242424242424, 0, 1, 1
-1.055464466875032, -1.0406027248939818, -1.0, 4.0, -1.175, 0, 0, -1
-1.0280286587785012, -1.005815608605474, -1.0, 1.6666666666666667, 1.0461538461538462, 0, 0, -1
1.087350084363172, 1.1678782612381577, 1, 3.0, 1.2982456140350878, 1, 0, 1
1.1690182978511243, 1.0472385959867732, -1, 7, -1.044776119402985, 0, 0, 1
1.5461176696420003, 1.3701990408691593, 1, 7, 1.4, 0, 1, 1
-1.253200826019618, -1.099135335111417, 2, -6.0, 1.2166666666666666, -1, 0, -1
-1.1945202518306357, -1.1648693334649458, 0, -2.0, -1.0677966101694916, 0, 0, -1
1.360843326279489, 1.3284442240015115, 1, 9.0, 1.148936170212766, 0, 1, 1
-1.294376055998069, -1.2496438519274522, -1, -1.0, 1.0142857142857142, -1, 0, -1
1.0684346638040403, -1.0412543374887546, 1, 3.0, 1.0545454545454545, 0, 0, -1
1.632761545711593, 1.6967299208738884, 1, 10, 1.5384615384615385, 0, 2, 1
-1.049220762212424, -1.0183026433026432, 0, 1.3333333333333333, -1.2093023255813953, 0, 0, -1
1.030552155739787, 1.016866838626471, 1, -2.0, -1.087719298245614, 0, 0, 1
1.1030362592458491, 1.057098310227129, -1, 1.5, 2.9344262295081966, 0, 0, 1
-1.1888523282480805, -1.203587864706671, 1, -1.0, 3.7735849056603774, 0, 0, -1
1.5879357381024553, 1.4119295220647665, 1, 6, -1.1363636363636365, 0, 1, 1
-1.0945110689748578, 1.0062699753679538, 1, 5.0, 1.3157894736842106, 0, 0, 1
1.0117119528844867, -1.0348536340464973, -2, -1.0, -1.2075471698113207, 0, 0, -1
1.4310554241513775, 1.2575537899437452, 0, 6, -1.6538461538461537, 0, 1, 1
-1.3996553785561066, -1.3417809882238678, -1, 2.5, -1.15, 0, -1, -1
-1.1670636726172952, -1.2186135686401331, -2, 5, -1.0535714285714286, -1, 0, -1
1.0994887036244112, 1.063991556819161, -1.0, 1.3333333333333333, -1.2459016393442623, 0, 0, 1
-1.112859757957897, -1.1247139842274798, -1.0, 1.5, -1.4727272727272727, 0, 0, 1
-1.0951083430647464, -1.0777226606538894, -1.0, -3.0, -1.4264705882352942, 0, 0, -1
1.0547706177447107, 1.0454653090220223, 1, 1.5, 1.4126984126984128, 0, 0, -1
-1.2904034145669834, -1.18129827519424, -2, -1.0, -1.6111111111111112, 0, 0, -1
-1.1375862702390638, -1.0366764244198379, -1, -1.0, 1.0196078431372548, 0, 0, -1
-1.12848219233288, -1.066157326390371, 2, 1.5, -1.1523809523809523, 0, 0, 1
-1.0179676449787836, 1.1611239784993226, -2, -1.5, -1.5416666666666667, 1, -1, 1
1.7088630584816564, 1.6339121435142594, 0, 6, -1.7666666666666666, 0, 1, 1
1.0199572013397842, 1.110593300035527, -1.0, 1.3333333333333333, 1.489795918367347, 0, 0, 1
1.4310554241513775, 1.2575537899437452, 0, 6, -1.6538461538461537, 0, 1, 1
1.6035047047593072, 1.3403173711557366, 0, 10, 1.1547619047619047, 0, 2, 1
-1.1197798725577965, 1.0476201092408872, 1, -2.0, -1.1355932203389831, 1, -1, -1
1.0403626400552424, 1.1532530219049761, -1.0, -1.3333333333333333, -1.1851851851851851, 1, 0, 1
1.4889459069979964, 1.2840374909877432, 1, 5, -1.135135135135135, 0, 0, 1
1.0830499071326918, 1.0555841828161756, -2, 2.5, -1.0, 0, 0, 1
-1.1533942236484818, -1.177656813431636, 0, -1.6666666666666667, -1.469387755102041, -1, 0, -1
1.447478600669892, 1.3042217209152434, 0, 6.0, 1.0740740740740742, 0, 1, 1
-1.1670636726172952, -1.2186135686401331, -2, 5, -1.0535714285714286, -1, 0, -1
-1.0215436402981486, 1.006735938462846, 1, -1.0, 1.2982456140350878, 0, 0, 1
1.4167312161115415, 1.3331766075586602, 0, 10, 1.0921052631578947, 1, 1, 1
-1.0804704139272154, 1.0408008835078535, -1.0, -1.0, 1.2615384615384615, 1, 0, 1
1.494882518956782, 1.3642005653189135, 0, 8, 1.375, 0, 1, 1
-1.5533094642121605, -1.446652894869075, 1, -1.5, -2.1707317073170733, -1, -2, -1
-1.1197798725577965, 1.0476201092408872, 1, -2.0, -1.1355932203389831, 1, -1, -1
1.0562551187551188, -1.0121455861652926, 0, 3, 1.2, 0, 0, 1
1.1838331160365059, 1.0836765662258834, -1.0, 9.0, 1.0425531914893618, 0, 2, 1
1.358814899859676, 1.2186489892072536, 1, 8, 1.4242424242424243, 0, 1, 1
-1.0746300767336792, -1.0073885802104268, -3, -1.5, 1.2682926829268293, 0, 0, 1
1.0851707738867271, 1.0988334965302908, 2, -1.0, 1.9285714285714286, 0, 0, 1
1.3425631232760449, 1.3252824051690035, 2, 6.0, 1.1282051282051282, 1, 0, 1
-1.3090375899760065, -1.2090045900459006, -2, -1.3333333333333333, -1.0704225352112675, 0, 0, -1
1.1382338670548278, 1.1499416307471264, -1, 6.0, -1.3333333333333333, 1, 1, 1
-1.2568133101969992, -1.175243578387954, -2, -1.3333333333333333, 1.1481481481481481, 0, -1, -1
-1.1138913265185115, -1.075227268105184, -1, -1.0, 1.3695652173913044, 0, 0, -1
1.0667415291475442, -1.0104459304395996, -2.0, 6, 1.2105263157894737, 0, 0, -1
-1.6786722114956185, -1.5461873287119137, -1, -3.0, 1.0571428571428572, 0, -1, -1
-1.1379368767547682, -1.0870119775992986, -2.0, -1.0, -1.5, 0, 0, 1
